,Order Date,Category,Sub-Category,Product Name,Sales,Quantity,Day,Month,Year
0,2011-01-01,Office Supplies,Storage,"Tenex Lockers, Blue",408.3,2,1,1,2011
1,2011-01-01,Office Supplies,Supplies,"Acme Trimmer, High Speed",120.366,3,1,1,2011
2,2011-01-01,Office Supplies,Storage,"Tenex Box, Single Width",66.12,4,1,1,2011
3,2011-01-01,Office Supplies,Paper,"Enermax Note Cards, Premium",44.865,3,1,1,2011
4,2011-01-01,Furniture,Furnishings,"Eldon Light Bulb, Duo Pack",113.67,5,1,1,2011
5,2011-01-01,Office Supplies,Paper,"Eaton Computer Printout Paper, 8.5 x 11",55.242,2,1,1,2011
6,2011-01-02,Technology,Copiers,"Brother Personal Copier, Laser",285.78,2,2,1,2011
7,2011-01-02,Furniture,Bookcases,"Sauder Facets Collection Library, Sky Alder Finish",290.666,2,2,1,2011
8,2011-01-02,Office Supplies,Storage,"Fellowes Lockers, Wire Frame",206.4,1,2,1,2011
9,2011-01-02,Office Supplies,Storage,"Tenex Trays, Single Width",162.72,3,2,1,2011
10,2011-01-02,Office Supplies,Appliances,"KitchenAid Coffee Grinder, Red",352.35,5,2,1,2011
11,2011-01-02,Office Supplies,Appliances,"Hamilton Beach Refrigerator, Silver",400.704,2,2,1,2011
12,2011-01-02,Furniture,Furnishings,"Advantus Photo Frame, Erganomic",309.6,6,2,1,2011
13,2011-01-02,Office Supplies,Art,"Binney & Smith Pencil Sharpener, Easy-Erase",139.65,5,2,1,2011
14,2011-01-02,Office Supplies,Supplies,"Kleencut Ruler, High Speed",40.68,3,2,1,2011
15,2011-01-02,Technology,Accessories,"Memorex Memory Card, USB",81.984,2,2,1,2011
16,2011-01-02,Office Supplies,Art,"Sanford Pencil Sharpener, Water Color",78.3,3,2,1,2011
17,2011-01-02,Office Supplies,Binders,"Wilson Jones Hole Reinforcements, Economy",22.65,5,2,1,2011
18,2011-01-02,Office Supplies,Labels,"Smead File Folder Labels, Adjustable",20.34,3,2,1,2011
19,2011-01-02,Office Supplies,Envelopes,"GlobeWeis Peel and Seal, Set of 50",21.39,1,2,1,2011
20,2011-01-02,Office Supplies,Binders,"Acco Hole Reinforcements, Recycled",21.06,3,2,1,2011
21,2011-01-02,Office Supplies,Binders,"Avery Hole Reinforcements, Durable",11.82,2,2,1,2011
22,2011-01-02,Office Supplies,Binders,"Wilson Jones Hole Reinforcements, Clear",9.576,6,2,1,2011
23,2011-01-03,Office Supplies,Storage,"Fellowes File Cart, Industrial",551.16,4,3,1,2011
24,2011-01-03,Furniture,Bookcases,"Safco Classic Bookcase, Traditional",1314.45,3,3,1,2011
25,2011-01-03,Technology,Accessories,"Logitech Router, Erganomic",1470.78,6,3,1,2011
26,2011-01-03,Office Supplies,Appliances,"Hamilton Beach Toaster, Black",364.416,8,3,1,2011
27,2011-01-03,Furniture,Chairs,Novimex Swivel Fabric Task Chair,634.116,6,3,1,2011
28,2011-01-03,Furniture,Chairs,"Harbour Creations Bag Chairs, Red",246.48,4,3,1,2011
29,2011-01-03,Furniture,Chairs,"Office Star Rocking Chair, Red",704.55,5,3,1,2011
30,2011-01-03,Office Supplies,Storage,"Fellowes Lockers, Single Width",1244.16,6,3,1,2011
31,2011-01-03,Technology,Machines,"Panasonic Receipt Printer, White",214.758,2,3,1,2011
32,2011-01-03,Furniture,Chairs,Global Deluxe High-Back Manager's Chair,457.568,2,3,1,2011
33,2011-01-03,Technology,Copiers,"Sharp Fax Machine, High-Speed",587.7,2,3,1,2011
34,2011-01-03,Furniture,Tables,Bevis Round Conference Room Tables and Bases,376.509,3,3,1,2011
35,2011-01-03,Office Supplies,Art,"BIC Sketch Pad, Blue",194.64,4,3,1,2011
36,2011-01-03,Furniture,Chairs,Harbour Creations Steel Folding Chair,362.25,6,3,1,2011
37,2011-01-03,Furniture,Chairs,"Hon Steel Folding Chair, Red",162.84,2,3,1,2011
38,2011-01-03,Office Supplies,Storage,"Fellowes Shelving, Single Width",115.74,2,3,1,2011
39,2011-01-03,Technology,Phones,"Apple Speaker Phone, with Caller ID",493.2,4,3,1,2011
40,2011-01-03,Office Supplies,Art,"BIC Markers, Easy-Erase",106.8,4,3,1,2011
41,2011-01-03,Technology,Machines,"Konica Printer, White",266.25,1,3,1,2011
42,2011-01-03,Furniture,Furnishings,"Tenex Clock, Black",351.75,7,3,1,2011
43,2011-01-03,Furniture,Chairs,"Hon Swivel Stool, Red",238.929,2,3,1,2011
44,2011-01-03,Office Supplies,Envelopes,"Kraft Peel and Seal, Security-Tint",109.1853,9,3,1,2011
45,2011-01-03,Technology,Accessories,"Belkin Keyboard, USB",151.362,2,3,1,2011
46,2011-01-03,Technology,Phones,"Cisco Signal Booster, Full Size",91.872,1,3,1,2011
47,2011-01-03,Furniture,Bookcases,"Safco Floating Shelf Set, Traditional",196.74,1,3,1,2011
48,2011-01-03,Office Supplies,Storage,"Smead Shelving, Single Width",117.504,3,3,1,2011
49,2011-01-03,Office Supplies,Storage,Recycled Steel Personal File for Hanging File Folders,137.352,3,3,1,2011
50,2011-01-03,Office Supplies,Art,"Stanley Canvas, Blue",98.94,2,3,1,2011
51,2011-01-03,Office Supplies,Storage,"Fellowes Folders, Blue",63.36,3,3,1,2011
52,2011-01-03,Office Supplies,Storage,Fellowes Bankers Box Recycled Super Stor/Drawer,129.552,3,3,1,2011
53,2011-01-03,Furniture,Furnishings,DAX Black Cherry Wood-Tone Poster Frame,63.552,6,3,1,2011
54,2011-01-03,Technology,Machines,"StarTech Receipt Printer, Wireless",221.16,2,3,1,2011
55,2011-01-03,Office Supplies,Binders,"Acco 3-Hole Punch, Recycled",30.48,1,3,1,2011
56,2011-01-03,Technology,Machines,"Epson Calculator, Durable",46.53,1,3,1,2011
57,2011-01-03,Office Supplies,Supplies,"Acme Scissors, Easy Grip",24.354,1,3,1,2011
58,2011-01-03,Office Supplies,Paper,"Xerox Parchment Paper, Premium",23.868,3,3,1,2011
59,2011-01-03,Office Supplies,Storage,"Eldon Box, Single Width",61.74,6,3,1,2011
60,2011-01-03,Office Supplies,Art,"Sanford Pens, Fluorescent",37.08,3,3,1,2011
61,2011-01-03,Office Supplies,Art,"Binney & Smith Pens, Easy-Erase",146.52,12,3,1,2011
62,2011-01-03,Office Supplies,Storage,"Fellowes Shelving, Wire Frame",102.438,2,3,1,2011
63,2011-01-03,Office Supplies,Fasteners,"OIC Push Pins, Assorted Sizes",12.36,1,3,1,2011
64,2011-01-03,Office Supplies,Labels,"Hon Shipping Labels, 5000 Label Set",11.76,1,3,1,2011
65,2011-01-03,Furniture,Chairs,"Novimex Bag Chairs, Adjustable",48.45,1,3,1,2011
66,2011-01-03,Office Supplies,Fasteners,Plymouth Boxed Rubber Bands by Plymouth,18.84,5,3,1,2011
67,2011-01-03,Office Supplies,Paper,"Black Print Carbonless 8 1/2"" x 8 1/4"" Rapid Memo Book",17.472,3,3,1,2011
68,2011-01-03,Office Supplies,Labels,"Hon Round Labels, Laser Printer Compatible",13.32,2,3,1,2011
69,2011-01-03,Office Supplies,Storage,"Tenex Box, Single Width",16.53,1,3,1,2011
70,2011-01-03,Office Supplies,Binders,"Acco Hole Reinforcements, Recycled",12.636,2,3,1,2011
71,2011-01-03,Office Supplies,Binders,"Wilson Jones Hole Reinforcements, Clear",21.546,6,3,1,2011
72,2011-01-03,Office Supplies,Binders,"Ibico Index Tab, Clear",17.82,2,3,1,2011
73,2011-01-03,Office Supplies,Storage,"Tenex Box, Wire Frame",31.14,2,3,1,2011
74,2011-01-03,Office Supplies,Appliances,"Hoover Toaster, Silver",25.317,1,3,1,2011
75,2011-01-03,Technology,Phones,Sannysis Cute Owl Design Soft Skin Case Cover for Samsung Galaxy S4,5.94,3,3,1,2011
76,2011-01-04,Technology,Phones,"Apple Signal Booster, Full Size",496.584,6,4,1,2011
77,2011-01-04,Office Supplies,Binders,"Wilson Jones Binding Machine, Recycled",295.92,6,4,1,2011
78,2011-01-04,Furniture,Bookcases,"Ikea 3-Shelf Cabinet, Metal",567.6,5,4,1,2011
79,2011-01-04,Office Supplies,Art,"Stanley Canvas, Water Color",157.95,3,4,1,2011
80,2011-01-04,Technology,Phones,"Motorola Audio Dock, with Caller ID",138.696,2,4,1,2011
81,2011-01-04,Office Supplies,Binders,"Cardinal Binding Machine, Clear",83.691,2,4,1,2011
82,2011-01-04,Office Supplies,Appliances,"Cuisinart Toaster, Red",85.536,4,4,1,2011
83,2011-01-04,Technology,Accessories,"SanDisk Flash Drive, Programmable",123.12,3,4,1,2011
84,2011-01-04,Technology,Accessories,"Memorex Memory Card, Erganomic",80.064,2,4,1,2011
85,2011-01-04,Technology,Accessories,"Memorex Keyboard, Bluetooth",47.56,1,4,1,2011
86,2011-01-04,Furniture,Chairs,"Novimex Chairmat, Red",67.608,3,4,1,2011
87,2011-01-04,Office Supplies,Storage,"Rogers Trays, Wire Frame",121.5,5,4,1,2011
88,2011-01-04,Office Supplies,Art,"Stanley Markers, Easy-Erase",44.94,5,4,1,2011
89,2011-01-04,Furniture,Furnishings,"Rubbermaid Stacking Tray, Durable",20.112,2,4,1,2011
90,2011-01-04,Office Supplies,Storage,"Smead Folders, Single Width",43.8,5,4,1,2011
91,2011-01-04,Office Supplies,Labels,Avery 490,29.6,2,4,1,2011
92,2011-01-04,Office Supplies,Storage,"Rogers Box, Wire Frame",25.344,2,4,1,2011
93,2011-01-04,Office Supplies,Binders,"Cardinal Hole Reinforcements, Economy",17.8,5,4,1,2011
94,2011-01-04,Office Supplies,Storage,Rogers Profile Extra Capacity Storage Tub,66.96,4,4,1,2011
95,2011-01-04,Office Supplies,Binders,"Cardinal Hole Reinforcements, Durable",10.944,4,4,1,2011
96,2011-01-04,Office Supplies,Binders,"Cardinal Binder Covers, Clear",15.28,2,4,1,2011
97,2011-01-04,Office Supplies,Binders,"Pressboard Data Binder, Crimson, 12"" X 8 1/2""",17.088,4,4,1,2011
98,2011-01-04,Office Supplies,Binders,Zipper Ring Binder Pockets,6.24,2,4,1,2011
99,2011-01-04,Office Supplies,Labels,"Avery Round Labels, Adjustable",10.08,4,4,1,2011
100,2011-01-04,Office Supplies,Envelopes,"Jiffy Clasp Envelope, Recycled",8.784,3,4,1,2011
101,2011-01-06,Furniture,Chairs,"Harbour Creations Swivel Stool, Black",1037.7096,8,6,1,2011
102,2011-01-06,Furniture,Bookcases,"Ikea Classic Bookcase, Traditional",1029.375,5,6,1,2011
103,2011-01-06,Office Supplies,Appliances,Honeywell Enviracaire Portable HEPA Air Cleaner for 17' x 22' Room,1503.25,5,6,1,2011
104,2011-01-06,Technology,Phones,Adtran 1202752G1,881.93,7,6,1,2011
105,2011-01-06,Furniture,Chairs,Global Deluxe High-Back Manager's Chair,2001.86,7,6,1,2011
106,2011-01-06,Technology,Accessories,"Enermax Numeric Keypad, Bluetooth",805.56,14,6,1,2011
107,2011-01-06,Furniture,Bookcases,"Dania Library with Doors, Metal",482.48,2,6,1,2011
108,2011-01-06,Technology,Accessories,"SanDisk Memory Card, Bluetooth",449.64,4,6,1,2011
109,2011-01-06,Technology,Accessories,"Enermax Keyboard, Bluetooth",389.48,7,6,1,2011
110,2011-01-06,Office Supplies,Storage,"Fellowes Shelving, Wire Frame",512.19,9,6,1,2011
111,2011-01-06,Technology,Phones,"Samsung Audio Dock, VoIP",222.56,2,6,1,2011
112,2011-01-06,Office Supplies,Art,"Sanford Pencil Sharpener, Easy-Erase",90.3,5,6,1,2011
113,2011-01-06,Technology,Phones,"Apple Speaker Phone, Full Size",211.803,2,6,1,2011
114,2011-01-06,Office Supplies,Storage,"Fellowes File Cart, Wire Frame",109.104,2,6,1,2011
115,2011-01-06,Office Supplies,Envelopes,"Cameo Peel and Seal, Security-Tint",140.4,6,6,1,2011
116,2011-01-06,Technology,Accessories,"Enermax Mouse, Erganomic",50.8,2,6,1,2011
117,2011-01-06,Office Supplies,Art,Boston Heavy-Duty Trimline Electric Pencil Sharpeners,289.2,6,6,1,2011
118,2011-01-06,Office Supplies,Binders,"Cardinal Binding Machine, Durable",102.54,2,6,1,2011
119,2011-01-06,Office Supplies,Binders,Wilson Jones Heavy-Duty Casebound Ring Binders with Metal Hinges,138.56,4,6,1,2011
120,2011-01-06,Office Supplies,Storage,"Eldon Shelving, Blue",58.104,2,6,1,2011
121,2011-01-06,Office Supplies,Binders,"Cardinal 3-Hole Punch, Economy",57.6,2,6,1,2011
122,2011-01-06,Office Supplies,Storage,Safco Steel Mobile File Cart,166.72,2,6,1,2011
123,2011-01-06,Technology,Accessories,"Enermax Numeric Keypad, Erganomic",58.83,1,6,1,2011
124,2011-01-06,Office Supplies,Storage,"Smead Trays, Blue",48.48,1,6,1,2011
125,2011-01-06,Office Supplies,Appliances,Acco 6 Outlet Guardian Premium Surge Suppressor,65.52,5,6,1,2011
126,2011-01-06,Furniture,Chairs,"Harbour Creations Steel Folding Chair, Red",214.3791,3,6,1,2011
127,2011-01-06,Office Supplies,Paper,"Adams Telephone Message Book w/Frequently-Called Numbers Space, 400 Messages per Book",47.88,6,6,1,2011
128,2011-01-06,Office Supplies,Envelopes,"Kraft Clasp Envelope, with clear poly window",62.7,5,6,1,2011
129,2011-01-06,Office Supplies,Binders,"Wilson Jones Index Tab, Durable",12.72,4,6,1,2011
130,2011-01-06,Office Supplies,Envelopes,"Kraft Manila Envelope, Recycled",10.116,1,6,1,2011
131,2011-01-06,Office Supplies,Art,"Sanford Canvas, Fluorescent",20.712,1,6,1,2011
132,2011-01-06,Office Supplies,Binders,"Wilson Jones 3-Hole Punch, Economy",27.99,2,6,1,2011
133,2011-01-06,Furniture,Furnishings,3M Hangers With Command Adhesive,22.2,6,6,1,2011
134,2011-01-06,Office Supplies,Paper,Xerox 205,25.92,4,6,1,2011
135,2011-01-06,Office Supplies,Envelopes,"Kraft Interoffice Envelope, with clear poly window",25.23,1,6,1,2011
136,2011-01-06,Office Supplies,Binders,"Avery Binder Covers, Economy",22.14,2,6,1,2011
137,2011-01-06,Office Supplies,Fasteners,"Stockwell Thumb Tacks, Assorted Sizes",21.18,2,6,1,2011
138,2011-01-06,Office Supplies,Binders,"GBC Clear Cover, 8-1/2 x 11, unpunched, 25 covers per pack",45.48,3,6,1,2011
139,2011-01-06,Office Supplies,Fasteners,"Advantus Staples, Bulk Pack",10.86,1,6,1,2011
140,2011-01-06,Office Supplies,Binders,"Ibico Hole Reinforcements, Economy",6.99,1,6,1,2011
141,2011-01-07,Furniture,Tables,"Lesro Round Table, Rectangular",1888.236,6,7,1,2011
142,2011-01-07,Technology,Phones,Wilson SignalBoost 841262 DB PRO Amplifier Kit,575.92,2,7,1,2011
143,2011-01-07,Furniture,Tables,"Chromcraft Computer Table, Fully Assembled",622.86,2,7,1,2011
144,2011-01-07,Office Supplies,Art,"BIC Highlighters, Blue",138.82,11,7,1,2011
145,2011-01-07,Furniture,Bookcases,"Bush Floating Shelf Set, Mobile",463.44,4,7,1,2011
146,2011-01-07,Office Supplies,Paper,"Xerox Cards & Envelopes, Multicolor",61.84,2,7,1,2011
147,2011-01-07,Office Supplies,Art,"Sanford Highlighters, Fluorescent",34.02,2,7,1,2011
148,2011-01-07,Furniture,Furnishings,"Eldon Door Stop, Erganomic",29.268,2,7,1,2011
149,2011-01-07,Office Supplies,Binders,Cardinal Holdit Business Card Pockets,19.92,5,7,1,2011
150,2011-01-07,Office Supplies,Binders,"Acco Index Tab, Clear",5.148,2,7,1,2011
151,2011-01-07,Office Supplies,Binders,Avery Durable Binders,5.184,6,7,1,2011
152,2011-01-08,Technology,Copiers,"Brother Fax and Copier, Color",1157.58,6,8,1,2011
153,2011-01-08,Technology,Machines,"Konica Card Printer, Red",516.96,3,8,1,2011
154,2011-01-08,Furniture,Chairs,"Office Star Executive Leather Armchair, Adjustable",1503.744,8,8,1,2011
155,2011-01-08,Furniture,Chairs,"SAFCO Executive Leather Armchair, Red",922.86,2,8,1,2011
156,2011-01-08,Furniture,Chairs,"Harbour Creations Steel Folding Chair, Set of Two",270.378,3,8,1,2011
157,2011-01-08,Technology,Accessories,"Belkin Flash Drive, Programmable",217.2,5,8,1,2011
158,2011-01-08,Office Supplies,Storage,"Rogers Shelving, Single Width",248.64,4,8,1,2011
159,2011-01-08,Office Supplies,Art,"Stanley Canvas, Easy-Erase",99.48,2,8,1,2011
160,2011-01-08,Office Supplies,Appliances,"Cuisinart Microwave, Silver",279.21,1,8,1,2011
161,2011-01-08,Office Supplies,Storage,"Tenex Shelving, Industrial",99.252,2,8,1,2011
162,2011-01-08,Office Supplies,Appliances,"Hoover Coffee Grinder, White",40.158,2,8,1,2011
163,2011-01-08,Office Supplies,Fasteners,"Accos Paper Clips, Assorted Sizes",80.43,7,8,1,2011
164,2011-01-08,Office Supplies,Envelopes,"Ames Peel and Seal, Recycled",52.47,3,8,1,2011
165,2011-01-08,Furniture,Bookcases,"Safco Library with Doors, Traditional",253.3635,1,8,1,2011
166,2011-01-08,Office Supplies,Supplies,"Stiletto Box Cutter, Serrated",196.02,6,8,1,2011
167,2011-01-08,Office Supplies,Art,"BIC Markers, Easy-Erase",53.4,2,8,1,2011
168,2011-01-08,Office Supplies,Binders,"Cardinal Binding Machine, Recycled",90.234,6,8,1,2011
169,2011-01-08,Office Supplies,Storage,"Eldon File Cart, Industrial",38.367,1,8,1,2011
170,2011-01-08,Furniture,Furnishings,"Tenex Door Stop, Erganomic",85.02,2,8,1,2011
171,2011-01-08,Technology,Accessories,"Memorex Numeric Keypad, Erganomic",102.762,4,8,1,2011
172,2011-01-08,Office Supplies,Paper,Xerox 1916,78.304,2,8,1,2011
173,2011-01-08,Office Supplies,Appliances,Honeywell Quietcare HEPA Air Cleaner,62.92,1,8,1,2011
174,2011-01-08,Office Supplies,Supplies,"Acme Scissors, High Speed",40.704,4,8,1,2011
175,2011-01-08,Furniture,Furnishings,9-3/4 Diameter Round Wall Clock,44.128,4,8,1,2011
176,2011-01-08,Technology,Accessories,"SanDisk Memory Card, Erganomic",44.088,1,8,1,2011
177,2011-01-08,Office Supplies,Binders,Wilson Jones data.warehouse D-Ring Binders with DublLock,19.752,3,8,1,2011
178,2011-01-08,Office Supplies,Binders,"Cardinal Binder Covers, Economy",24.0,2,8,1,2011
179,2011-01-08,Office Supplies,Binders,"Ibico 3-Hole Punch, Clear",8.973,1,8,1,2011
180,2011-01-08,Office Supplies,Paper,"Xerox Memo Slips, Multicolor",24.651,3,8,1,2011
181,2011-01-08,Office Supplies,Binders,"Avery Binder, Recycled",13.26,1,8,1,2011
182,2011-01-08,Office Supplies,Binders,"Avery Binder Covers, Economy",3.321,1,8,1,2011
183,2011-01-08,Office Supplies,Fasteners,"Advantus Paper Clips, Metal",13.38,1,8,1,2011
184,2011-01-08,Office Supplies,Labels,"Avery Legal Exhibit Labels, 5000 Label Set",11.73,1,8,1,2011
185,2011-01-08,Technology,Accessories,"Enermax Mouse, Bluetooth",16.116,1,8,1,2011
186,2011-01-08,Office Supplies,Labels,Self-Adhesive Address Labels for Typewriters by Universal,17.544,3,8,1,2011
187,2011-01-08,Office Supplies,Labels,"Harbour Creations Round Labels, Alphabetical",13.14,2,8,1,2011
188,2011-01-08,Office Supplies,Art,"Stanley Pencil Sharpener, Easy-Erase",10.416,1,8,1,2011
189,2011-01-08,Office Supplies,Fasteners,"Acco Clips to Go Binder Clips, 24 Clips in Two Sizes",5.68,2,8,1,2011
190,2011-01-08,Office Supplies,Storage,"Fellowes Box, Single Width",7.884,1,8,1,2011
191,2011-01-08,Office Supplies,Binders,"Cardinal Hole Reinforcements, Economy",1.602,1,8,1,2011
192,2011-01-09,Office Supplies,Storage,"Tenex Lockers, Blue",1429.05,7,9,1,2011
193,2011-01-09,Technology,Machines,"Epson Inkjet, Wireless",1232.88,4,9,1,2011
194,2011-01-09,Office Supplies,Storage,"Eldon File Cart, Single Width",767.52,6,9,1,2011
195,2011-01-09,Technology,Phones,"Cisco Audio Dock, Full Size",1100.16,6,9,1,2011
196,2011-01-09,Office Supplies,Paper,"Xerox Computer Printout Paper, 8.5 x 11",182.88,9,9,1,2011
197,2011-01-09,Furniture,Chairs,"Harbour Creations Executive Leather Armchair, Black",473.61,1,9,1,2011
198,2011-01-09,Office Supplies,Storage,"Rogers Trays, Wire Frame",243.0,4,9,1,2011
199,2011-01-09,Technology,Accessories,WD My Passport Ultra 2TB Portable External Hard Drive,357.0,3,9,1,2011
200,2011-01-09,Technology,Phones,"Apple Signal Booster, Full Size",137.94,1,9,1,2011
201,2011-01-09,Furniture,Bookcases,"Sauder Classic Bookcase, Metal",348.36,2,9,1,2011
202,2011-01-09,Furniture,Chairs,"SAFCO Executive Leather Armchair, Adjustable",185.568,1,9,1,2011
203,2011-01-09,Furniture,Furnishings,"Deflect-O Door Stop, Black",87.9,2,9,1,2011
204,2011-01-09,Office Supplies,Appliances,"Breville Coffee Grinder, Silver",125.22,3,9,1,2011
205,2011-01-09,Office Supplies,Storage,"Tenex Folders, Single Width",77.5,5,9,1,2011
206,2011-01-09,Office Supplies,Paper,Xerox 216,31.104,6,9,1,2011
207,2011-01-09,Office Supplies,Binders,"Avery Binding Machine, Durable",100.68,2,9,1,2011
208,2011-01-09,Office Supplies,Supplies,"Acme Scissors, Serrated",44.28,3,9,1,2011
209,2011-01-09,Office Supplies,Supplies,"Fiskars Trimmer, Serrated",64.35,3,9,1,2011
210,2011-01-09,Office Supplies,Binders,"Ibico Index Tab, Durable",37.08,4,9,1,2011
211,2011-01-09,Office Supplies,Art,"BIC Pencil Sharpener, Fluorescent",60.54,2,9,1,2011
212,2011-01-09,Office Supplies,Storage,"Rogers Box, Single Width",24.0,1,9,1,2011
213,2011-01-09,Office Supplies,Binders,Wilson Jones Hanging Recycled Pressboard Data Binders,23.744,2,9,1,2011
214,2011-01-09,Office Supplies,Art,"BOSTON Model 1800 Electric Pencil Sharpeners, Putty/Woodgrain",53.94,3,9,1,2011
215,2011-01-09,Office Supplies,Art,"Boston Pencil Sharpener, Fluorescent",19.3,1,9,1,2011
216,2011-01-09,Office Supplies,Labels,"Avery Round Labels, Laser Printer Compatible",21.42,3,9,1,2011
217,2011-01-09,Office Supplies,Labels,"Hon Round Labels, Adjustable",18.24,4,9,1,2011
218,2011-01-09,Office Supplies,Binders,Prestige Round Ring Binders,3.648,3,9,1,2011
219,2011-01-10,Technology,Accessories,"SanDisk Router, Erganomic",1016.64,4,10,1,2011
220,2011-01-10,Technology,Copiers,"HP Fax and Copier, Color",231.97512,2,10,1,2011
221,2011-01-10,Office Supplies,Binders,"Ibico Binding Machine, Recycled",103.56,2,10,1,2011
222,2011-01-10,Office Supplies,Storage,"Eldon Folders, Industrial",104.76,6,10,1,2011
223,2011-01-10,Office Supplies,Appliances,"Cuisinart Blender, Black",66.42,1,10,1,2011
224,2011-01-10,Office Supplies,Envelopes,"Ames Peel and Seal, Set of 50",52.332,7,10,1,2011
225,2011-01-10,Office Supplies,Fasteners,"OIC Rubber Bands, 12 Pack",22.0,2,10,1,2011
226,2011-01-10,Office Supplies,Binders,"Ibico Hole Reinforcements, Clear",12.9,2,10,1,2011
227,2011-01-10,Office Supplies,Binders,"Ibico Index Tab, Clear",8.91,1,10,1,2011
228,2011-01-10,Office Supplies,Fasteners,Sterling Rubber Bands by Alliance,4.71,1,10,1,2011
229,2011-01-11,Technology,Phones,ClearOne CHATAttach 160 - speaker phone,1983.968,4,11,1,2011
230,2011-01-11,Technology,Accessories,"Memorex Router, Programmable",743.13,3,11,1,2011
231,2011-01-11,Technology,Copiers,"Brother Fax Machine, Laser",1592.7,5,11,1,2011
232,2011-01-11,Technology,Accessories,"Enermax Router, Bluetooth",1549.98,6,11,1,2011
233,2011-01-11,Office Supplies,Storage,"Rogers File Cart, Single Width",283.26,4,11,1,2011
234,2011-01-11,Technology,Copiers,"Canon Copy Machine, Color",527.16,2,11,1,2011
235,2011-01-11,Office Supplies,Art,"Stanley Canvas, Blue",593.64,12,11,1,2011
236,2011-01-11,Office Supplies,Storage,"Eldon File Cart, Single Width",770.22,10,11,1,2011
237,2011-01-11,Technology,Phones,Cisco IP Phone 7961G VoIP phone - Dark gray,978.84,9,11,1,2011
238,2011-01-11,Office Supplies,Storage,"Carina Mini System Audio Rack, Model AR050B",443.92,5,11,1,2011
239,2011-01-11,Furniture,Bookcases,"Bush Library with Doors, Traditional",388.608,2,11,1,2011
240,2011-01-11,Office Supplies,Binders,"Avery Binding Machine, Recycled",196.8,8,11,1,2011
241,2011-01-11,Furniture,Bookcases,"Dania Floating Shelf Set, Traditional",677.4,4,11,1,2011
242,2011-01-11,Office Supplies,Storage,"Fellowes Lockers, Wire Frame",928.8,5,11,1,2011
243,2011-01-11,Office Supplies,Supplies,"Elite Shears, Easy Grip",121.575,5,11,1,2011
244,2011-01-11,Office Supplies,Storage,"Fellowes Lockers, Industrial",519.525,5,11,1,2011
245,2011-01-11,Technology,Copiers,"Brother Fax Machine, Laser",253.98256,2,11,1,2011
246,2011-01-11,Technology,Machines,"StarTech Calculator, Red",200.394,6,11,1,2011
247,2011-01-11,Technology,Copiers,"Canon Ink, Laser",588.6,4,11,1,2011
248,2011-01-11,Office Supplies,Appliances,"KitchenAid Coffee Grinder, Silver",142.44,4,11,1,2011
249,2011-01-11,Office Supplies,Appliances,Kensington 7 Outlet MasterPiece Power Center,533.94,3,11,1,2011
250,2011-01-11,Office Supplies,Envelopes,"Jiffy Business Envelopes, Recycled",82.62,9,11,1,2011
251,2011-01-11,Technology,Machines,"Okidata Printer, White",266.91,1,11,1,2011
252,2011-01-11,Furniture,Chairs,"Novimex Chairmat, Black",323.46,6,11,1,2011
253,2011-01-11,Office Supplies,Storage,"Fellowes File Cart, Blue",494.316,6,11,1,2011
254,2011-01-11,Office Supplies,Storage,"Tenex Lockers, Single Width",367.524,2,11,1,2011
255,2011-01-11,Office Supplies,Binders,"Acco Binding Machine, Economy",255.45,5,11,1,2011
256,2011-01-11,Office Supplies,Storage,"Smead File Cart, Single Width",128.43,1,11,1,2011
257,2011-01-11,Furniture,Chairs,"Harbour Creations Bag Chairs, Red",98.592,2,11,1,2011
258,2011-01-11,Office Supplies,Supplies,"Acme Trimmer, Steel",131.94,3,11,1,2011
259,2011-01-11,Office Supplies,Supplies,"Stiletto Shears, High Speed",144.27,3,11,1,2011
260,2011-01-11,Office Supplies,Art,"Boston Pencil Sharpener, Water Color",160.65,5,11,1,2011
261,2011-01-11,Office Supplies,Storage,"Smead Shelving, Blue",48.93,2,11,1,2011
262,2011-01-11,Office Supplies,Storage,"Rogers Folders, Industrial",112.212,4,11,1,2011
263,2011-01-11,Office Supplies,Paper,"Eaton Cards & Envelopes, 8.5 x 11",147.96,3,11,1,2011
264,2011-01-11,Office Supplies,Appliances,Fellowes Superior 10 Outlet Split Surge Protector,76.12,2,11,1,2011
265,2011-01-11,Technology,Accessories,"Enermax Mouse, Programmable",125.37,3,11,1,2011
266,2011-01-11,Technology,Phones,"Samsung Speaker Phone, Cordless",50.436,1,11,1,2011
267,2011-01-11,Office Supplies,Storage,"Multi-Use Personal File Cart and Caster Set, Three Stacking Bins",69.52,2,11,1,2011
268,2011-01-11,Furniture,Chairs,"Novimex Chairmat, Adjustable",94.128,3,11,1,2011
269,2011-01-11,Furniture,Furnishings,"Howard Miller 13"" Diameter Pewter Finish Round Wall Clock",68.704,2,11,1,2011
270,2011-01-11,Office Supplies,Envelopes,"Jiffy Peel and Seal, with clear poly window",47.1,2,11,1,2011
271,2011-01-11,Office Supplies,Paper,"Eaton Note Cards, Premium",37.32,2,11,1,2011
272,2011-01-11,Office Supplies,Storage,"Smead Trays, Blue",87.264,2,11,1,2011
273,2011-01-11,Technology,Machines,"Epson Calculator, Wireless",46.41,1,11,1,2011
274,2011-01-11,Technology,Machines,"Panasonic Calculator, Red",47.43,2,11,1,2011
275,2011-01-11,Office Supplies,Binders,"Cardinal 3-Hole Punch, Recycled",87.48,3,11,1,2011
276,2011-01-11,Office Supplies,Binders,"Wilson Jones 3-Hole Punch, Clear",137.25,5,11,1,2011
277,2011-01-11,Office Supplies,Art,"Stanley Markers, Fluorescent",18.768,2,11,1,2011
278,2011-01-11,Office Supplies,Storage,"Rogers Trays, Blue",49.344,2,11,1,2011
279,2011-01-11,Office Supplies,Labels,Avery 513,47.808,12,11,1,2011
280,2011-01-11,Technology,Phones,Plantronics Voyager Pro HD - Bluetooth Headset,155.976,3,11,1,2011
281,2011-01-11,Technology,Accessories,"Enermax Keyboard, Erganomic",32.508,1,11,1,2011
282,2011-01-11,Office Supplies,Supplies,"Elite Ruler, Serrated",10.5,2,11,1,2011
283,2011-01-11,Office Supplies,Binders,"Avery Hole Reinforcements, Recycled",28.62,6,11,1,2011
284,2011-01-11,Office Supplies,Binders,"Avery Hole Reinforcements, Recycled",28.62,6,11,1,2011
285,2011-01-11,Office Supplies,Paper,Xerox 1934,167.94,3,11,1,2011
286,2011-01-11,Office Supplies,Labels,"Avery Shipping Labels, Laser Printer Compatible",33.18,7,11,1,2011
287,2011-01-11,Office Supplies,Labels,Avery 475,44.4,3,11,1,2011
288,2011-01-11,Office Supplies,Labels,"Harbour Creations File Folder Labels, Adjustable",8.84,2,11,1,2011
289,2011-01-11,Office Supplies,Art,Model L Table or Wall-Mount Pencil Sharpener,43.176,3,11,1,2011
290,2011-01-11,Office Supplies,Art,"Binney & Smith Highlighters, Blue",33.18,2,11,1,2011
291,2011-01-11,Office Supplies,Binders,"Avery 3-Hole Punch, Recycled",28.23,1,11,1,2011
292,2011-01-11,Furniture,Furnishings,"Master Big Foot Doorstop, Beige",31.68,6,11,1,2011
293,2011-01-11,Office Supplies,Paper,Southworth Parchment Paper & Envelopes,15.696,3,11,1,2011
294,2011-01-11,Office Supplies,Art,"Sanford Highlighters, Blue",15.75,1,11,1,2011
295,2011-01-11,Office Supplies,Binders,GBC Standard Therm-A-Bind Covers,22.428,3,11,1,2011
296,2011-01-11,Office Supplies,Fasteners,"Stockwell Push Pins, Assorted Sizes",23.64,3,11,1,2011
297,2011-01-11,Office Supplies,Binders,"Cardinal 3-Hole Punch, Recycled",11.664,1,11,1,2011
298,2011-01-11,Office Supplies,Storage,"Eldon Folders, Industrial",6.984,1,11,1,2011
299,2011-01-11,Office Supplies,Art,Newell 320,10.272,3,11,1,2011
300,2011-01-11,Office Supplies,Paper,Staples,21.4,5,11,1,2011
301,2011-01-11,Office Supplies,Art,"OIC #2 Pencils, Medium Soft",5.64,3,11,1,2011
302,2011-01-11,Office Supplies,Storage,"Smead Box, Wire Frame",3.936,1,11,1,2011
303,2011-01-11,Office Supplies,Fasteners,Staples,7.52,5,11,1,2011
304,2011-01-11,Office Supplies,Binders,Acco Economy Flexible Poly Round Ring Binder,3.132,2,11,1,2011
305,2011-01-12,Furniture,Chairs,Office Star - Professional Matrix Back Chair with 2-to-1 Synchro Tilt and Mesh Fabric Seat,2807.84,8,12,1,2011
306,2011-01-12,Technology,Accessories,"Belkin Router, Erganomic",1795.92,7,12,1,2011
307,2011-01-12,Furniture,Chairs,Hon Multipurpose Stacking Arm Chairs,909.72,6,12,1,2011
308,2011-01-12,Furniture,Chairs,Hon 4070 Series Pagoda Round Back Stacking Chairs,674.058,3,12,1,2011
309,2011-01-12,Furniture,Tables,"Bevis Computer Table, Adjustable Height",1181.016,4,12,1,2011
310,2011-01-12,Technology,Copiers,"Brother Wireless Fax, Laser",1894.05,5,12,1,2011
311,2011-01-12,Office Supplies,Binders,"Acco Binding Machine, Recycled",180.075,7,12,1,2011
312,2011-01-12,Technology,Phones,Cisco IP Phone 7961G VoIP phone - Dark gray,271.9,2,12,1,2011
313,2011-01-12,Technology,Copiers,Sharp 1540cs Digital Laser Copier,659.988,2,12,1,2011
314,2011-01-12,Furniture,Furnishings,"Rubbermaid Frame, Black",219.78,2,12,1,2011
315,2011-01-12,Furniture,Bookcases,"Sauder Corner Shelving, Traditional",491.0,5,12,1,2011
316,2011-01-12,Office Supplies,Storage,"Eldon Shelving, Single Width",392.445,9,12,1,2011
317,2011-01-12,Office Supplies,Storage,"Rogers Shelving, Single Width",111.888,2,12,1,2011
318,2011-01-12,Technology,Copiers,"Hewlett Personal Copier, Digital",181.3266,2,12,1,2011
319,2011-01-12,Office Supplies,Envelopes,"Kraft Peel and Seal, Recycled",173.61,9,12,1,2011
320,2011-01-12,Furniture,Chairs,"SAFCO Bag Chairs, Set of Two",103.38,2,12,1,2011
321,2011-01-12,Furniture,Bookcases,"Ikea Stackable Bookrack, Mobile",583.8,7,12,1,2011
322,2011-01-12,Furniture,Furnishings,"Deflect-O Frame, Black",220.08,3,12,1,2011
323,2011-01-12,Office Supplies,Labels,"Hon Shipping Labels, Laser Printer Compatible",102.33,9,12,1,2011
324,2011-01-12,Office Supplies,Art,"Hunt BOSTON Vista Battery-Operated Pencil Sharpener, Black",46.64,4,12,1,2011
325,2011-01-12,Office Supplies,Storage,"Fellowes Shelving, Industrial",58.32,1,12,1,2011
326,2011-01-12,Furniture,Chairs,"Novimex Chairmat, Adjustable",117.66,3,12,1,2011
327,2011-01-12,Office Supplies,Art,"BIC Highlighters, Blue",75.72,4,12,1,2011
328,2011-01-12,Office Supplies,Binders,"Acco Binding Machine, Economy",102.18,3,12,1,2011
329,2011-01-12,Technology,Accessories,"SanDisk Mouse, Bluetooth",76.62,3,12,1,2011
330,2011-01-12,Office Supplies,Paper,"Eaton Note Cards, 8.5 x 11",26.49,1,12,1,2011
331,2011-01-12,Furniture,Furnishings,"Linden 10"" Round Wall Clock, Black",45.84,3,12,1,2011
332,2011-01-12,Furniture,Furnishings,"Floodlight Indoor Halogen Bulbs, 1 Bulb per Pack, 60 Watts",58.2,3,12,1,2011
333,2011-01-12,Technology,Phones,"BlueLounge Milo Smartphone Stand, White/Metallic",95.968,4,12,1,2011
334,2011-01-12,Technology,Phones,"Motorola Headset, Full Size",64.824,2,12,1,2011
335,2011-01-12,Furniture,Furnishings,"Rubbermaid Light Bulb, Black",55.0128,4,12,1,2011
336,2011-01-12,Office Supplies,Labels,"Avery Shipping Labels, 5000 Label Set",57.12,7,12,1,2011
337,2011-01-12,Office Supplies,Fasteners,"Advantus Rubber Bands, Assorted Sizes",25.272,6,12,1,2011
338,2011-01-12,Office Supplies,Art,"BIC Markers, Water Color",29.61,1,12,1,2011
339,2011-01-12,Office Supplies,Art,"Sanford Pencil Sharpener, Water Color",38.68,2,12,1,2011
340,2011-01-12,Office Supplies,Paper,"Eaton Message Books, Recycled",27.32,2,12,1,2011
341,2011-01-12,Office Supplies,Paper,Xerox 214,36.288,7,12,1,2011
342,2011-01-12,Furniture,Chairs,"Hon Bag Chairs, Black",28.48,1,12,1,2011
343,2011-01-12,Office Supplies,Binders,"Cardinal Binder, Clear",44.1228,4,12,1,2011
344,2011-01-12,Office Supplies,Fasteners,"OIC Paper Clips, 12 Pack",13.86,1,12,1,2011
345,2011-01-12,Furniture,Furnishings,Ultra Door Push Plate,9.82,2,12,1,2011
346,2011-01-12,Office Supplies,Labels,"Avery Shipping Labels, Alphabetical",11.67,1,12,1,2011
347,2011-01-12,Furniture,Furnishings,"Master Caster Door Stop, Brown",8.128,2,12,1,2011
348,2011-01-12,Office Supplies,Binders,"Ibico Binder Covers, Clear",3.933,1,12,1,2011
349,2011-01-12,Office Supplies,Labels,"Smead Shipping Labels, Adjustable",6.34,1,12,1,2011
350,2011-02-01,Technology,Machines,"Okidata Inkjet, Wireless",314.22,1,1,2,2011
351,2011-02-02,Furniture,Bookcases,"Safco Stackable Bookrack, Pine",1052.31,7,2,2,2011
352,2011-02-02,Technology,Phones,"Motorola Signal Booster, Cordless",583.92,8,2,2,2011
353,2011-02-02,Technology,Copiers,"Hewlett Copy Machine, Color",549.927,6,2,2,2011
354,2011-02-02,Office Supplies,Storage,"Eldon File Cart, Blue",380.88,3,2,2,2011
355,2011-02-02,Technology,Phones,"Cisco Smart Phone, Full Size",587.412,1,2,2,2011
356,2011-02-02,Technology,Copiers,"Brother Wireless Fax, Laser",378.81,1,2,2,2011
357,2011-02-02,Furniture,Tables,"Bevis Computer Table, Fully Assembled",692.328,2,2,2,2011
358,2011-02-02,Technology,Accessories,Enermax Aurora Lite Keyboard,468.9,6,2,2,2011
359,2011-02-02,Furniture,Bookcases,"Ikea Library with Doors, Pine",729.48,2,2,2,2011
360,2011-02-02,Technology,Phones,"Cisco Headset, Full Size",161.514,2,2,2,2011
361,2011-02-02,Furniture,Chairs,"Novimex Executive Leather Armchair, Black",334.3035,1,2,2,2011
362,2011-02-02,Office Supplies,Storage,"Fellowes File Cart, Industrial",248.022,2,2,2,2011
363,2011-02-02,Technology,Machines,"Epson Receipt Printer, Wireless",468.12,4,2,2,2011
364,2011-02-02,Furniture,Chairs,"SAFCO Steel Folding Chair, Black",266.496,4,2,2,2011
365,2011-02-02,Technology,Copiers,"HP Fax and Copier, Digital",86.265,1,2,2,2011
366,2011-02-02,Office Supplies,Art,"Stanley Canvas, Blue",104.8764,4,2,2,2011
367,2011-02-02,Technology,Machines,"Konica Phone, White",88.83,3,2,2,2011
368,2011-02-02,Office Supplies,Paper,"SanDisk Memo Slips, Multicolor",45.975,5,2,2,2011
369,2011-02-02,Technology,Accessories,"Logitech Numeric Keypad, Erganomic",44.13,2,2,2,2011
370,2011-02-02,Office Supplies,Art,"Boston Highlighters, Water Color",44.1,2,2,2,2011
371,2011-02-02,Office Supplies,Art,"BIC Canvas, Water Color",56.88,1,2,2,2011
372,2011-02-02,Office Supplies,Art,"Sanford Pencil Sharpener, Water Color",116.04,4,2,2,2011
373,2011-02-02,Office Supplies,Supplies,"Acme Box Cutter, High Speed",37.8,1,2,2,2011
374,2011-02-02,Office Supplies,Art,"Sanford Highlighters, Water Color",94.65,5,2,2,2011
375,2011-02-02,Office Supplies,Paper,"Xerox Note Cards, Premium",13.185,1,2,2,2011
376,2011-02-02,Office Supplies,Labels,"Avery Color Coded Labels, 5000 Label Set",43.5024,6,2,2,2011
377,2011-02-02,Furniture,Furnishings,"Rubbermaid Light Bulb, Duo Pack",34.02,2,2,2,2011
378,2011-02-03,Furniture,Bookcases,"Ikea Corner Shelving, Traditional",775.278,7,3,2,2011
379,2011-02-03,Furniture,Bookcases,"Ikea 3-Shelf Cabinet, Pine",776.466,6,3,2,2011
380,2011-02-03,Furniture,Chairs,"Office Star Executive Leather Armchair, Black",682.4478,2,3,2,2011
381,2011-02-03,Furniture,Chairs,"Harbour Creations Steel Folding Chair, Black",257.742,3,3,2,2011
382,2011-02-03,Technology,Copiers,"Canon Wireless Fax, Digital",1055.457,3,3,2,2011
383,2011-02-03,Office Supplies,Storage,"Rogers Lockers, Wire Frame",210.69,1,3,2,2011
384,2011-02-03,Technology,Accessories,Hypercom P1300 Pinpad,151.2,3,3,2,2011
385,2011-02-03,Office Supplies,Binders,"Acco Binder Covers, Durable",106.704,8,3,2,2011
386,2011-02-03,Office Supplies,Paper,"Enermax Message Books, 8.5 x 11",35.52,2,3,2,2011
387,2011-02-03,Office Supplies,Paper,"Array Parchment Paper, Assorted Colors",36.4,5,3,2,2011
388,2011-02-03,Office Supplies,Art,"Stanley Markers, Water Color",45.684,2,3,2,2011
389,2011-02-03,Office Supplies,Envelopes,Staples,11.36,2,3,2,2011
390,2011-02-03,Office Supplies,Paper,Xerox 1971,3.424,1,3,2,2011
391,2011-02-04,Office Supplies,Appliances,"KitchenAid Stove, Black",683.496,3,4,2,2011
392,2011-02-04,Technology,Phones,Motorola Droid Maxx,1049.93,7,4,2,2011
393,2011-02-04,Technology,Phones,"Samsung Smart Phone, Cordless",1278.0,2,4,2,2011
394,2011-02-04,Technology,Copiers,"HP Ink, High-Speed",228.42,2,4,2,2011
395,2011-02-04,Office Supplies,Appliances,"KitchenAid Stove, Black",455.664,3,4,2,2011
396,2011-02-04,Technology,Machines,"Okidata Card Printer, White",522.72,3,4,2,2011
397,2011-02-04,Technology,Phones,"Samsung Smart Phone, Cordless",3195.0,5,4,2,2011
398,2011-02-04,Technology,Copiers,"Hewlett Fax and Copier, Laser",153.52452,3,4,2,2011
399,2011-02-04,Office Supplies,Appliances,Euro-Pro Shark Turbo Vacuum,154.9,5,4,2,2011
400,2011-02-04,Furniture,Furnishings,Luxo Adjustable Task Clamp Lamp,177.68,2,4,2,2011
401,2011-02-04,Technology,Copiers,"Hewlett Fax and Copier, Laser",230.67252,3,4,2,2011
402,2011-02-04,Technology,Copiers,"Canon Personal Copier, Color",114.76728,3,4,2,2011
403,2011-02-04,Technology,Phones,"Motorola Headset, Full Size",81.03,1,4,2,2011
404,2011-02-04,Office Supplies,Paper,"SanDisk Parchment Paper, Recycled",149.58,9,4,2,2011
405,2011-02-04,Office Supplies,Art,"Stanley Pencil Sharpener, Water Color",111.84,4,4,2,2011
406,2011-02-04,Technology,Copiers,"Canon Personal Copier, Color",172.43928,3,4,2,2011
407,2011-02-04,Office Supplies,Envelopes,"Ames Mailers, Recycled",18.48,2,4,2,2011
408,2011-02-04,Office Supplies,Art,"BIC Highlighters, Blue",18.93,1,4,2,2011
409,2011-02-04,Office Supplies,Labels,"Harbour Creations Round Labels, 5000 Label Set",11.8524,2,4,2,2011
410,2011-02-04,Office Supplies,Envelopes,"Ames Mailers, Recycled",27.72,2,4,2,2011
411,2011-02-04,Office Supplies,Paper,Xerox 1947,33.488,7,4,2,2011
412,2011-02-04,Office Supplies,Paper,Xerox 1990,15.84,3,4,2,2011
413,2011-02-04,Office Supplies,Labels,"Harbour Creations Shipping Labels, Adjustable",9.36,1,4,2,2011
414,2011-02-04,Office Supplies,Paper,Xerox 1898,26.72,5,4,2,2011
415,2011-02-05,Furniture,Chairs,"SAFCO Executive Leather Armchair, Black",2754.0,6,5,2,2011
416,2011-02-05,Office Supplies,Appliances,"KitchenAid Refrigerator, Silver",1057.38,2,5,2,2011
417,2011-02-05,Technology,Copiers,Brother DCP1000 Digital 3 in 1 Multifunction Machine,479.984,2,5,2,2011
418,2011-02-05,Office Supplies,Appliances,"Hoover Microwave, Red",1388.88,5,5,2,2011
419,2011-02-05,Furniture,Chairs,"Harbour Creations Bag Chairs, Red",246.48,4,5,2,2011
420,2011-02-05,Technology,Phones,"Cisco Signal Booster, Cordless",309.36,2,5,2,2011
421,2011-02-05,Technology,Copiers,"HP Ink, Color",520.56,4,5,2,2011
422,2011-02-05,Technology,Accessories,"SanDisk Memory Card, Bluetooth",337.23,3,5,2,2011
423,2011-02-05,Technology,Phones,"Apple Office Telephone, Full Size",266.28,4,5,2,2011
424,2011-02-05,Furniture,Furnishings,"Tenex Photo Frame, Duo Pack",155.7,3,5,2,2011
425,2011-02-05,Office Supplies,Storage,"Fellowes Shelving, Wire Frame",236.1765,5,5,2,2011
426,2011-02-05,Furniture,Bookcases,"Ikea 3-Shelf Cabinet, Pine",287.58,2,5,2,2011
427,2011-02-05,Office Supplies,Supplies,"Acme Letter Opener, Serrated",80.73,3,5,2,2011
428,2011-02-05,Furniture,Chairs,"Hon Rocking Chair, Red",476.763,5,5,2,2011
429,2011-02-05,Office Supplies,Supplies,"Stiletto Scissors, Steel",115.05,5,5,2,2011
430,2011-02-05,Technology,Accessories,"Memorex Router, Erganomic",73.206,1,5,2,2011
431,2011-02-05,Technology,Machines,"Epson Phone, Wireless",161.94,2,5,2,2011
432,2011-02-05,Office Supplies,Art,"Boston Sketch Pad, Easy-Erase",97.74,2,5,2,2011
433,2011-02-05,Office Supplies,Appliances,Belkin 6 Outlet Metallic Surge Strip,26.136,3,5,2,2011
434,2011-02-05,Office Supplies,Art,"BIC Pencil Sharpener, Easy-Erase",58.56,2,5,2,2011
435,2011-02-05,Office Supplies,Binders,"Cardinal Binding Machine, Clear",49.23,1,5,2,2011
436,2011-02-05,Office Supplies,Labels,"Harbour Creations Shipping Labels, 5000 Label Set",49.1775,5,5,2,2011
437,2011-02-05,Office Supplies,Fasteners,"Stockwell Thumb Tacks, Assorted Sizes",24.156,4,5,2,2011
438,2011-02-05,Office Supplies,Fasteners,"Stockwell Push Pins, 12 Pack",22.908,2,5,2,2011
439,2011-02-06,Furniture,Chairs,"SAFCO Executive Leather Armchair, Adjustable",1252.584,3,6,2,2011
440,2011-02-06,Office Supplies,Appliances,"KitchenAid Stove, Red",2052.54,4,6,2,2011
441,2011-02-06,Furniture,Bookcases,"Sauder Stackable Bookrack, Pine",413.3943,3,6,2,2011
442,2011-02-06,Furniture,Tables,"Lesro Wood Table, Adjustable Height",1502.784,6,6,2,2011
443,2011-02-06,Technology,Accessories,"Memorex Router, Erganomic",976.08,4,6,2,2011
444,2011-02-06,Office Supplies,Storage,"Hot File 7-Pocket, Floor Stand",356.94,2,6,2,2011
445,2011-02-06,Technology,Copiers,"Brother Ink, Laser",441.9,3,6,2,2011
446,2011-02-06,Technology,Accessories,"SanDisk Memory Card, Bluetooth",449.64,6,6,2,2011
447,2011-02-06,Furniture,Chairs,"Hon Swivel Stool, Black",1160.784,8,6,2,2011
448,2011-02-06,Office Supplies,Storage,"Tenex File Cart, Blue",266.4,2,6,2,2011
449,2011-02-06,Office Supplies,Supplies,"Fiskars Trimmer, Easy Grip",219.6,5,6,2,2011
450,2011-02-06,Furniture,Chairs,"Office Star Rocking Chair, Set of Two",286.32,3,6,2,2011
451,2011-02-06,Technology,Phones,Mophie Juice Pack Helium for iPhone,239.97,3,6,2,2011
452,2011-02-06,Technology,Accessories,"Belkin Router, Bluetooth",388.125,3,6,2,2011
453,2011-02-06,Technology,Machines,"Epson Phone, Durable",243.27,6,6,2,2011
454,2011-02-06,Technology,Accessories,"Belkin Mouse, Erganomic",138.672,4,6,2,2011
455,2011-02-06,Technology,Accessories,"Enermax Numeric Keypad, Bluetooth",345.24,9,6,2,2011
456,2011-02-06,Technology,Phones,"Motorola Headset, Full Size",275.502,4,6,2,2011
457,2011-02-06,Furniture,Tables,"Barricks Training Table, Rectangular",126.348,1,6,2,2011
458,2011-02-06,Office Supplies,Supplies,"Fiskars Shears, Easy Grip",182.7546,7,6,2,2011
459,2011-02-06,Office Supplies,Appliances,"Hoover Toaster, Red",125.46,3,6,2,2011
460,2011-02-06,Office Supplies,Paper,"Eaton Cards & Envelopes, Recycled",90.18,4,6,2,2011
461,2011-02-06,Office Supplies,Storage,"Eldon Trays, Wire Frame",56.448,2,6,2,2011
462,2011-02-06,Office Supplies,Binders,"Ibico Binder Covers, Recycled",112.08,8,6,2,2011
463,2011-02-06,Furniture,Furnishings,"Tenex Stacking Tray, Durable",100.92,5,6,2,2011
464,2011-02-06,Office Supplies,Binders,"Cardinal Binding Machine, Economy",49.77,2,6,2,2011
465,2011-02-06,Office Supplies,Supplies,"Fiskars Letter Opener, High Speed",72.88,4,6,2,2011
466,2011-02-06,Technology,Accessories,"Belkin Mouse, Bluetooth",81.42,2,6,2,2011
467,2011-02-06,Office Supplies,Binders,GBC Standard Therm-A-Bind Covers,59.808,3,6,2,2011
468,2011-02-06,Office Supplies,Paper,"SanDisk Memo Slips, 8.5 x 11",57.024,3,6,2,2011
469,2011-02-06,Furniture,Furnishings,Aluminum Document Frame,73.32,6,6,2,2011
470,2011-02-06,Office Supplies,Storage,"Tenex Box, Industrial",50.94,3,6,2,2011
471,2011-02-06,Furniture,Chairs,"Hon Swivel Stool, Black",48.366,1,6,2,2011
472,2011-02-06,Furniture,Furnishings,"Eldon Clock, Duo Pack",22.632,1,6,2,2011
473,2011-02-06,Office Supplies,Supplies,"Stiletto Letter Opener, Steel",26.5848,2,6,2,2011
474,2011-02-06,Office Supplies,Storage,"Tenex Shelving, Blue",21.864,1,6,2,2011
475,2011-02-06,Office Supplies,Storage,"Eldon Folders, Blue",28.1868,2,6,2,2011
476,2011-02-06,Office Supplies,Labels,"Harbour Creations Removable Labels, Laser Printer Compatible",30.51,3,6,2,2011
477,2011-02-06,Furniture,Furnishings,"Advantus Door Stop, Erganomic",29.1,1,6,2,2011
478,2011-02-06,Office Supplies,Labels,"Harbour Creations Round Labels, Alphabetical",21.9,5,6,2,2011
479,2011-02-06,Office Supplies,Art,"Sanford Colorific Scented Colored Pencils, 12/Pack",8.56,2,6,2,2011
480,2011-02-06,Office Supplies,Binders,"Ibico Binder, Economy",12.384,2,6,2,2011
481,2011-02-06,Office Supplies,Binders,"Wilson Jones Hole Reinforcements, Economy",7.5198,2,6,2,2011
482,2011-02-06,Office Supplies,Art,"Sanford Pens, Fluorescent",9.888,2,6,2,2011
483,2011-02-07,Technology,Copiers,"Canon Personal Copier, Laser",171.288,2,7,2,2011
484,2011-02-07,Technology,Phones,"Logitech B530 USB Headset - headset - Full size, Binaural",73.98,2,7,2,2011
485,2011-02-07,Office Supplies,Art,"Sanford Markers, Blue",34.875,3,7,2,2011
486,2011-02-07,Office Supplies,Binders,"Cardinal 3-Hole Punch, Economy",46.08,3,7,2,2011
487,2011-02-07,Office Supplies,Supplies,"Stiletto Scissors, High Speed",25.184,2,7,2,2011
488,2011-02-07,Office Supplies,Binders,"Acco Hole Reinforcements, Economy",31.968,8,7,2,2011
489,2011-02-07,Office Supplies,Art,DIXON Ticonderoga Erasable Checking Pencils,5.58,1,7,2,2011
490,2011-02-08,Office Supplies,Storage,Smead Adjustable Mobile File Trolley with Lockable Top,838.38,2,8,2,2011
491,2011-02-08,Furniture,Chairs,"SAFCO Executive Leather Armchair, Black",275.4,2,8,2,2011
492,2011-02-08,Furniture,Chairs,"Novimex Executive Leather Armchair, Adjustable",911.04,2,8,2,2011
493,2011-02-08,Technology,Copiers,"Sharp Fax Machine, Color",178.254,2,8,2,2011
494,2011-02-08,Furniture,Chairs,"SAFCO Rocking Chair, Black",847.872,12,8,2,2011
495,2011-02-08,Furniture,Tables,"Barricks Computer Table, Adjustable Height",142.623,1,8,2,2011
496,2011-02-08,Office Supplies,Art,"Sanford Sketch Pad, Fluorescent",280.44,6,8,2,2011
497,2011-02-08,Furniture,Chairs,"Hon Bag Chairs, Red",90.3,2,8,2,2011
498,2011-02-08,Office Supplies,Paper,"Xerox Note Cards, Recycled",157.68,6,8,2,2011
499,2011-02-08,Office Supplies,Storage,"Eldon Shelving, Blue",87.156,6,8,2,2011
500,2011-02-08,Office Supplies,Art,"Stanley Markers, Water Color",101.52,4,8,2,2011
501,2011-02-08,Office Supplies,Paper,"Xerox Cards & Envelopes, Premium",179.88,6,8,2,2011
502,2011-02-08,Office Supplies,Binders,"Acco Binding Machine, Clear",101.1,2,8,2,2011
503,2011-02-08,Technology,Machines,"Konica Card Printer, Durable",262.935,2,8,2,2011
504,2011-02-08,Office Supplies,Supplies,"Elite Trimmer, Serrated",115.11,3,8,2,2011
505,2011-02-08,Office Supplies,Supplies,"Acme Trimmer, Steel",87.96,3,8,2,2011
506,2011-02-08,Technology,Accessories,"Memorex Keyboard, USB",143.1,2,8,2,2011
507,2011-02-08,Furniture,Bookcases,"Bush 3-Shelf Cabinet, Mobile",43.767,1,8,2,2011
508,2011-02-08,Office Supplies,Fasteners,"OIC Rubber Bands, Assorted Sizes",96.8,10,8,2,2011
509,2011-02-08,Office Supplies,Supplies,"Elite Ruler, Serrated",18.9,6,8,2,2011
510,2011-02-08,Office Supplies,Envelopes,"Cameo Clasp Envelope, Recycled",13.296,4,8,2,2011
511,2011-02-08,Technology,Accessories,"Belkin Mouse, Programmable",116.0775,5,8,2,2011
512,2011-02-08,Office Supplies,Art,"Binney & Smith Markers, Easy-Erase",29.232,4,8,2,2011
513,2011-02-08,Office Supplies,Envelopes,"GlobeWeis Interoffice Envelope, Recycled",62.16,2,8,2,2011
514,2011-02-08,Office Supplies,Art,"Sanford Highlighters, Fluorescent",34.02,2,8,2,2011
515,2011-02-08,Office Supplies,Binders,Wilson Jones 14 Line Acrylic Coated Pressboard Data Binders,26.7,5,8,2,2011
516,2011-02-08,Office Supplies,Labels,"Hon Shipping Labels, Laser Printer Compatible",22.74,2,8,2,2011
517,2011-02-08,Office Supplies,Labels,"Hon Legal Exhibit Labels, Laser Printer Compatible",28.96,4,8,2,2011
518,2011-02-08,Office Supplies,Paper,"Eaton Parchment Paper, 8.5 x 11",10.566,2,8,2,2011
519,2011-02-08,Technology,Accessories,Memorex Micro Travel Drive 4 GB,21.2,2,8,2,2011
520,2011-02-08,Office Supplies,Fasteners,"Accos Thumb Tacks, Metal",4.14,1,8,2,2011
521,2011-02-08,Office Supplies,Binders,"Ibico Index Tab, Economy",10.41,1,8,2,2011
522,2011-02-08,Furniture,Furnishings,"Tenex Light Bulb, Durable",4.788,1,8,2,2011
523,2011-02-09,Furniture,Tables,"Hon Conference Table, Fully Assembled",922.95,1,9,2,2011
524,2011-02-09,Furniture,Tables,"Hon Computer Table, with Bottom Storage",2076.606,6,9,2,2011
525,2011-02-09,Office Supplies,Binders,GBC DocuBind TL300 Electric Binding System,1793.98,2,9,2,2011
526,2011-02-09,Furniture,Chairs,"Novimex Executive Leather Armchair, Black",1236.465,3,9,2,2011
527,2011-02-09,Office Supplies,Storage,"Tenex Lockers, Single Width",561.495,5,9,2,2011
528,2011-02-09,Furniture,Chairs,"SAFCO Steel Folding Chair, Black",249.84,4,9,2,2011
529,2011-02-09,Office Supplies,Storage,"Eldon Shelving, Wire Frame",189.96,4,9,2,2011
530,2011-02-09,Technology,Accessories,Logitech Gaming G510s - Keyboard,475.944,7,9,2,2011
531,2011-02-09,Technology,Machines,Epson TM-T88V Direct Thermal Printer - Monochrome - Desktop,559.71,3,9,2,2011
532,2011-02-09,Furniture,Bookcases,"Sauder 3-Shelf Cabinet, Mobile",541.44,8,9,2,2011
533,2011-02-09,Furniture,Chairs,"Office Star Chairmat, Adjustable",307.395,5,9,2,2011
534,2011-02-09,Furniture,Bookcases,"Dania Stackable Bookrack, Mobile",486.36,4,9,2,2011
535,2011-02-09,Furniture,Chairs,"Harbour Creations Rocking Chair, Black",578.64,4,9,2,2011
536,2011-02-09,Furniture,Chairs,"Hon Bag Chairs, Set of Two",213.3,5,9,2,2011
537,2011-02-09,Furniture,Furnishings,"Tenex Door Stop, Durable",220.968,6,9,2,2011
538,2011-02-09,Office Supplies,Supplies,"Kleencut Scissors, Easy Grip",95.64,4,9,2,2011
539,2011-02-09,Office Supplies,Art,"Binney & Smith Sketch Pad, Fluorescent",158.6,5,9,2,2011
540,2011-02-09,Technology,Accessories,"Enermax Keyboard, Erganomic",243.81,3,9,2,2011
541,2011-02-09,Technology,Phones,"Apple Headset, Cordless",405.92,8,9,2,2011
542,2011-02-09,Office Supplies,Supplies,"Elite Letter Opener, High Speed",80.1,3,9,2,2011
543,2011-02-09,Furniture,Furnishings,"Eldon Photo Frame, Black",174.33,4,9,2,2011
544,2011-02-09,Office Supplies,Art,Newell 324,57.75,5,9,2,2011
545,2011-02-09,Technology,Accessories,Logitech Wireless Performance Mouse MX for PC and Mac,239.976,3,9,2,2011
546,2011-02-09,Office Supplies,Binders,"Cardinal 3-Hole Punch, Economy",86.4,3,9,2,2011
547,2011-02-09,Furniture,Furnishings,"Deflect-O Clock, Duo Pack",352.59,7,9,2,2011
548,2011-02-09,Office Supplies,Binders,"Wilson Jones Binding Machine, Recycled",147.96,3,9,2,2011
549,2011-02-09,Furniture,Furnishings,"Tenex Carpeted, Granite-Look or Clear Contemporary Contour Shape Chair Mats",70.71,1,9,2,2011
550,2011-02-09,Technology,Phones,"Motorola Speaker Phone, Full Size",131.07,1,9,2,2011
551,2011-02-09,Office Supplies,Paper,"Xerox Cards & Envelopes, Premium",44.97,1,9,2,2011
552,2011-02-09,Office Supplies,Binders,"Acco Binder, Clear",43.83,3,9,2,2011
553,2011-02-09,Technology,Phones,"Apple Office Telephone, Full Size",79.884,3,9,2,2011
554,2011-02-09,Office Supplies,Labels,"Hon Legal Exhibit Labels, Adjustable",35.04,4,9,2,2011
555,2011-02-09,Office Supplies,Storage,"Fellowes Folders, Blue",52.8,2,9,2,2011
556,2011-02-09,Office Supplies,Storage,"Fellowes Box, Wire Frame",75.0,4,9,2,2011
557,2011-02-09,Office Supplies,Envelopes,"Ames Interoffice Envelope, Recycled",131.76,3,9,2,2011
558,2011-02-09,Office Supplies,Art,"Boston Canvas, Blue",107.28,2,9,2,2011
559,2011-02-09,Office Supplies,Art,"Stanley Canvas, Water Color",105.3,2,9,2,2011
560,2011-02-09,Office Supplies,Binders,"Avery Binder Covers, Durable",50.28,4,9,2,2011
561,2011-02-09,Office Supplies,Paper,"SanDisk Memo Slips, 8.5 x 11",105.6,5,9,2,2011
562,2011-02-09,Furniture,Furnishings,"Rubbermaid Photo Frame, Durable",97.56,2,9,2,2011
563,2011-02-09,Office Supplies,Storage,"Fellowes Folders, Industrial",80.64,3,9,2,2011
564,2011-02-09,Technology,Accessories,"SanDisk Numeric Keypad, Bluetooth",221.4,4,9,2,2011
565,2011-02-09,Technology,Accessories,"SanDisk Flash Drive, Programmable",49.248,3,9,2,2011
566,2011-02-09,Office Supplies,Storage,"Eldon Box, Single Width",34.3,5,9,2,2011
567,2011-02-09,Office Supplies,Paper,Staples,14.94,3,9,2,2011
568,2011-02-09,Office Supplies,Supplies,"Stiletto Ruler, Serrated",23.16,2,9,2,2011
569,2011-02-09,Office Supplies,Fasteners,"Advantus Push Pins, Bulk Pack",86.58,6,9,2,2011
570,2011-02-09,Office Supplies,Art,SANFORD Major Accent Highlighters,21.24,3,9,2,2011
571,2011-02-09,Office Supplies,Appliances,"Holmes Cool Mist Humidifier for the Whole House with 8-Gallon Output per Day, Extended Life Filter",19.9,1,9,2,2011
572,2011-02-09,Office Supplies,Art,"Sanford Pens, Easy-Erase",68.22,6,9,2,2011
573,2011-02-09,Furniture,Furnishings,"Advantus Light Bulb, Black",18.063,1,9,2,2011
574,2011-02-09,Office Supplies,Art,"Stanley Sketch Pad, Easy-Erase",17.88,1,9,2,2011
575,2011-02-09,Office Supplies,Fasteners,"Stockwell Clamps, 12 Pack",21.924,3,9,2,2011
576,2011-02-09,Office Supplies,Binders,"Cardinal Hole Reinforcements, Durable",20.52,3,9,2,2011
577,2011-02-09,Office Supplies,Labels,"Novimex Round Labels, 5000 Label Set",13.32,5,9,2,2011
578,2011-02-09,Office Supplies,Fasteners,"Advantus Push Pins, 12 Pack",14.6916,2,9,2,2011
579,2011-02-09,Office Supplies,Envelopes,"GlobeWeis Clasp Envelope, Security-Tint",12.3,1,9,2,2011
580,2011-02-09,Office Supplies,Binders,"Cardinal Index Tab, Clear",11.1552,2,9,2,2011
581,2011-02-09,Office Supplies,Envelopes,"GlobeWeis Peel and Seal, Recycled",16.152,2,9,2,2011
582,2011-02-09,Office Supplies,Labels,"Harbour Creations Round Labels, Adjustable",9.3,2,9,2,2011
583,2011-02-10,Technology,Phones,Bose SoundLink Bluetooth Speaker,318.4,2,10,2,2011
584,2011-02-10,Technology,Phones,Pyle PMP37LED,230.376,3,10,2,2011
585,2011-02-10,Office Supplies,Envelopes,Letter or Legal Size Expandable Poly String Tie Envelopes,12.768,6,10,2,2011
586,2011-02-10,Office Supplies,Supplies,Stiletto Hand Letter Openers,15.36,2,10,2,2011
587,2011-02-10,Office Supplies,Fasteners,Staples,4.672,2,10,2,2011
588,2011-02-10,Office Supplies,Paper,"Adams Telephone Message Book W/Dividers/Space For Phone Numbers, 5 1/4""X8 1/2"", 300/Messages",9.408,2,10,2,2011
589,2011-02-10,Technology,Accessories,Kingston Digital DataTraveler 16GB USB 2.0,7.16,1,10,2,2011
590,2011-02-11,Technology,Phones,"Samsung Speaker Phone, Cordless",336.24,4,11,2,2011
591,2011-02-11,Furniture,Chairs,"Office Star Executive Leather Armchair, Black",1262.061,3,11,2,2011
592,2011-02-11,Technology,Accessories,Razer Kraken 7.1 Surround Sound Over Ear USB Gaming Headset,799.92,10,11,2,2011
593,2011-02-11,Office Supplies,Art,"BIC Markers, Water Color",177.66,6,11,2,2011
594,2011-02-11,Furniture,Bookcases,"Safco Corner Shelving, Mobile",607.92,6,11,2,2011
595,2011-02-11,Technology,Phones,"Motorola Speaker Phone, VoIP",649.35,5,11,2,2011
596,2011-02-11,Technology,Copiers,"Hewlett Fax and Copier, Digital",385.02,2,11,2,2011
597,2011-02-11,Furniture,Chairs,"Office Star Steel Folding Chair, Adjustable",593.46,7,11,2,2011
598,2011-02-11,Technology,Phones,Polycom CX300 Desktop Phone USB VoIP phone,539.964,6,11,2,2011
599,2011-02-11,Office Supplies,Storage,Adjustable Depth Letter/Legal Cart,362.92,2,11,2,2011
600,2011-02-11,Technology,Copiers,"Sharp Fax and Copier, Digital",504.72,3,11,2,2011
601,2011-02-11,Furniture,Furnishings,"Deflect-O Photo Frame, Duo Pack",103.92,2,11,2,2011
602,2011-02-11,Furniture,Chairs,"Novimex Swivel Stool, Adjustable",178.08,2,11,2,2011
603,2011-02-11,Technology,Phones,"Samsung Signal Booster, VoIP",136.68,1,11,2,2011
604,2011-02-11,Furniture,Chairs,"Office Star Bag Chairs, Red",199.584,4,11,2,2011
605,2011-02-11,Office Supplies,Binders,"Ibico Binding Machine, Economy",154.26,3,11,2,2011
606,2011-02-11,Office Supplies,Envelopes,"Ames Peel and Seal, with clear poly window",177.84,8,11,2,2011
607,2011-02-11,Office Supplies,Paper,"Enermax Note Cards, 8.5 x 11",85.23,3,11,2,2011
608,2011-02-11,Office Supplies,Binders,"Ibico Binding Machine, Economy",102.84,2,11,2,2011
609,2011-02-11,Furniture,Furnishings,Tensor Computer Mounted Lamp,89.34,6,11,2,2011
610,2011-02-11,Technology,Accessories,"SanDisk Memory Card, Programmable",227.82,2,11,2,2011
611,2011-02-11,Technology,Phones,AT&T CL82213,46.384,2,11,2,2011
612,2011-02-11,Technology,Accessories,"Memorex Keyboard, Bluetooth",71.34,1,11,2,2011
613,2011-02-11,Technology,Phones,"Motorola Headset, Full Size",64.824,2,11,2,2011
614,2011-02-11,Office Supplies,Fasteners,"Advantus Rubber Bands, Bulk Pack",33.18,3,11,2,2011
615,2011-02-11,Office Supplies,Labels,"Harbour Creations Color Coded Labels, 5000 Label Set",66.45,5,11,2,2011
616,2011-02-11,Technology,Phones,"Logitech B530 USB Headset - headset - Full size, Binaural",88.776,3,11,2,2011
617,2011-02-11,Office Supplies,Paper,"Eaton Message Books, 8.5 x 11",24.72,1,11,2,2011
618,2011-02-11,Office Supplies,Binders,"Wilson Jones 3-Hole Punch, Clear",36.6,2,11,2,2011
619,2011-02-11,Office Supplies,Storage,"Smead Shelving, Single Width",44.064,1,11,2,2011
620,2011-02-11,Technology,Phones,I Need's 3d Hello Kitty Hybrid Silicone Case Cover for HTC One X 4g with 3d Hello Kitty Stylus Pen Green/pink,50.232,7,11,2,2011
621,2011-02-11,Technology,Phones,Samsung Rugby III,52.792,1,11,2,2011
622,2011-02-11,Office Supplies,Art,"Stanley Markers, Water Color",45.684,6,11,2,2011
623,2011-02-11,Office Supplies,Art,"Stanley Pencil Sharpener, Easy-Erase",26.04,1,11,2,2011
624,2011-02-11,Technology,Accessories,"Maxell 74 Minute CD-R Spindle, 50/Pack",41.94,2,11,2,2011
625,2011-02-11,Office Supplies,Labels,Avery 499,34.86,7,11,2,2011
626,2011-02-11,Furniture,Chairs,"Harbour Creations Bag Chairs, Adjustable",38.466,2,11,2,2011
627,2011-02-11,Office Supplies,Art,"BIC Pencil Sharpener, Water Color",32.19,1,11,2,2011
628,2011-02-11,Office Supplies,Labels,"Harbour Creations Shipping Labels, Adjustable",28.08,3,11,2,2011
629,2011-02-11,Furniture,Furnishings,"Rubbermaid Clock, Erganomic",32.52,1,11,2,2011
630,2011-02-11,Furniture,Furnishings,"Eldon Light Bulb, Duo Pack",22.734,1,11,2,2011
631,2011-02-11,Office Supplies,Binders,Acco D-Ring Binder w/DublLock,19.242,3,11,2,2011
632,2011-02-11,Office Supplies,Art,"Boston Pens, Easy-Erase",14.49,1,11,2,2011
633,2011-02-11,Office Supplies,Binders,"Cardinal Hole Reinforcements, Recycled",7.6,2,11,2,2011
634,2011-02-11,Office Supplies,Fasteners,"Stockwell Rubber Bands, Metal",21.68,2,11,2,2011
635,2011-02-11,Furniture,Furnishings,"Eldon Light Bulb, Durable",22.23,1,11,2,2011
636,2011-02-11,Office Supplies,Binders,"Ibico Index Tab, Clear",8.91,1,11,2,2011
637,2011-02-11,Furniture,Chairs,"Harbour Creations Steel Folding Chair, Adjustable",40.152,1,11,2,2011
638,2011-02-12,Furniture,Bookcases,O'Sullivan Living Dimensions 5-Shelf Bookcases,883.92,5,12,2,2011
639,2011-02-12,Technology,Copiers,"Brother Ink, Color",379.287,3,12,2,2011
640,2011-02-12,Office Supplies,Binders,"Avery Binding Machine, Clear",676.2,14,12,2,2011
641,2011-02-12,Office Supplies,Storage,"Fellowes File Cart, Single Width",370.818,3,12,2,2011
642,2011-02-12,Furniture,Bookcases,"Dania 3-Shelf Cabinet, Metal",281.82,2,12,2,2011
643,2011-02-12,Technology,Copiers,"HP Fax Machine, Digital",299.58,1,12,2,2011
644,2011-02-12,Furniture,Furnishings,"Advantus Door Stop, Erganomic",349.2,8,12,2,2011
645,2011-02-12,Technology,Copiers,"Sharp Fax and Copier, Digital",504.72,3,12,2,2011
646,2011-02-12,Technology,Copiers,"Hewlett Ink, Digital",889.92,6,12,2,2011
647,2011-02-12,Technology,Machines,"Konica Calculator, Wireless",219.4275,5,12,2,2011
648,2011-02-12,Office Supplies,Paper,"Enermax Note Cards, Premium",228.0,8,12,2,2011
649,2011-02-12,Furniture,Chairs,"Global Stack Chair with Arms, Black",239.84,8,12,2,2011
650,2011-02-12,Office Supplies,Binders,"Avery Binding Machine, Recycled",246.0,5,12,2,2011
651,2011-02-12,Furniture,Chairs,"Hon Swivel Stool, Black",644.88,4,12,2,2011
652,2011-02-12,Technology,Accessories,Logitech 910-002974 M325 Wireless Mouse for Web Scrolling,119.96,4,12,2,2011
653,2011-02-12,Office Supplies,Art,"BIC Sketch Pad, Blue",145.98,3,12,2,2011
654,2011-02-12,Office Supplies,Paper,Xerox 1942,146.82,3,12,2,2011
655,2011-02-12,Technology,Accessories,Imation 32GB Pocket Pro USB 3.0 Flash Drive - 32 GB - Black - 1 P ...,119.8,5,12,2,2011
656,2011-02-12,Furniture,Furnishings,"DAX Metal Frame, Desktop, Stepped-Edge",60.72,3,12,2,2011
657,2011-02-12,Technology,Machines,"StarTech Calculator, Red",94.6305,3,12,2,2011
658,2011-02-12,Office Supplies,Art,"Sanford Markers, Easy-Erase",70.56,3,12,2,2011
659,2011-02-12,Office Supplies,Binders,"Angle-D Binders with Locking Rings, Label Holders",46.72,8,12,2,2011
660,2011-02-12,Furniture,Furnishings,"Deflect-o SuperTray Unbreakable Stackable Tray, Letter, Black",58.36,5,12,2,2011
661,2011-02-12,Office Supplies,Labels,"Novimex Removable Labels, Adjustable",23.31,3,12,2,2011
662,2011-02-12,Furniture,Furnishings,12-1/2 Diameter Round Wall Clock,39.96,5,12,2,2011
663,2011-02-12,Office Supplies,Labels,Avery 509,15.66,6,12,2,2011
664,2011-02-12,Technology,Accessories,"Logitech Flash Drive, Bluetooth",30.51,1,12,2,2011
665,2011-02-12,Furniture,Chairs,"Hon Bag Chairs, Set of Two",18.96,1,12,2,2011
666,2011-02-12,Office Supplies,Labels,"Harbour Creations Round Labels, Alphabetical",13.14,2,12,2,2011
667,2011-02-12,Office Supplies,Paper,"Eaton Note Cards, 8.5 x 11",26.49,1,12,2,2011
668,2011-02-12,Office Supplies,Binders,"Acco Index Tab, Durable",8.94,1,12,2,2011
669,2011-02-12,Office Supplies,Art,Newell 343,16.464,7,12,2,2011
670,2011-02-12,Office Supplies,Paper,"RSVP Cards & Envelopes, Blank White, 8-1/2"" X 11"", 24 Cards/25 Envelopes/Set",15.24,3,12,2,2011
671,2011-02-12,Technology,Accessories,Kingston Digital DataTraveler 8GB USB 2.0,5.95,1,12,2,2011
672,2011-02-12,Office Supplies,Appliances,Staples,2.394,1,12,2,2011
673,2011-03-01,Office Supplies,Appliances,"Hoover Microwave, White",276.102,1,1,3,2011
674,2011-03-01,Technology,Copiers,"Hewlett Wireless Fax, Laser",912.456,4,1,3,2011
675,2011-03-01,Furniture,Chairs,"Novimex Swivel Stool, Set of Two",666.84,4,1,3,2011
676,2011-03-01,Office Supplies,Storage,"Tenex Lockers, Industrial",337.6395,3,1,3,2011
677,2011-03-01,Furniture,Tables,"Chromcraft Round Table, Adjustable Height",211.1805,1,1,3,2011
678,2011-03-01,Furniture,Bookcases,"Dania Corner Shelving, Traditional",854.49,7,1,3,2011
679,2011-03-01,Technology,Copiers,"Hewlett Fax and Copier, Laser",192.87,1,1,3,2011
680,2011-03-01,Furniture,Chairs,"Hon Rocking Chair, Set of Two",159.444,2,1,3,2011
681,2011-03-01,Technology,Phones,"Nokia Headset, VoIP",195.2,4,1,3,2011
682,2011-03-01,Office Supplies,Appliances,"Breville Coffee Grinder, Black",122.58,2,1,3,2011
683,2011-03-01,Technology,Accessories,"Belkin Numeric Keypad, Bluetooth",69.3,2,1,3,2011
684,2011-03-01,Furniture,Chairs,"SAFCO Chairmat, Black",68.868,2,1,3,2011
685,2011-03-01,Office Supplies,Storage,"Smead File Cart, Blue",135.1182,2,1,3,2011
686,2011-03-01,Office Supplies,Labels,"Avery Color Coded Labels, Laser Printer Compatible",35.883,3,1,3,2011
687,2011-03-01,Office Supplies,Art,"BIC Sketch Pad, Water Color",51.84,1,1,3,2011
688,2011-03-01,Office Supplies,Storage,"Rogers Folders, Industrial",62.34,2,1,3,2011
689,2011-03-01,Office Supplies,Supplies,"Stiletto Scissors, Serrated",81.24,4,1,3,2011
690,2011-03-01,Office Supplies,Envelopes,"Cameo Interoffice Envelope, Set of 50",47.43,1,1,3,2011
691,2011-03-01,Office Supplies,Fasteners,"Stockwell Staples, Metal",6.006,1,1,3,2011
692,2011-03-01,Office Supplies,Fasteners,"Advantus Rubber Bands, Metal",16.71,1,1,3,2011
693,2011-03-02,Office Supplies,Art,"Boston Pencil Sharpener, Easy-Erase",90.63,6,2,3,2011
694,2011-03-02,Technology,Phones,AT&T 17929 Lendline Telephone,180.96,5,2,3,2011
695,2011-03-02,Technology,Accessories,"Enermax Keyboard, Programmable",25.488,1,2,3,2011
696,2011-03-02,Office Supplies,Fasteners,"OIC Push Pins, Bulk Pack",29.82,2,2,3,2011
697,2011-03-02,Office Supplies,Binders,Surelock Post Binders,18.336,2,2,3,2011
698,2011-03-02,Office Supplies,Binders,"Wilson Jones Hole Reinforcements, Economy",9.06,2,2,3,2011
699,2011-03-02,Office Supplies,Fasteners,Staples,12.35,5,2,3,2011
700,2011-03-03,Technology,Machines,"StarTech Card Printer, White",1619.1,10,3,3,2011
701,2011-03-03,Furniture,Chairs,"Harbour Creations Swivel Stool, Adjustable",1095.66,6,3,3,2011
702,2011-03-03,Furniture,Chairs,"Office Star Executive Leather Armchair, Adjustable",751.872,3,3,3,2011
703,2011-03-03,Technology,Machines,"Panasonic Inkjet, White",310.5,1,3,3,2011
704,2011-03-03,Technology,Machines,"StarTech Inkjet, White",597.84,2,3,3,2011
705,2011-03-03,Technology,Machines,"Konica Receipt Printer, Wireless",489.0,4,3,3,2011
706,2011-03-03,Technology,Copiers,"Sharp Fax Machine, Laser",825.0606,7,3,3,2011
707,2011-03-03,Furniture,Bookcases,O'Sullivan 4-Shelf Bookcase in Odessa Pine,302.45,5,3,3,2011
708,2011-03-03,Furniture,Tables,"Bevis Oval Conference Table, Walnut",626.352,3,3,3,2011
709,2011-03-03,Furniture,Bookcases,"Dania Stackable Bookrack, Pine",491.76,4,3,3,2011
710,2011-03-03,Office Supplies,Binders,Ibico Laser Imprintable Binding System Covers,125.76,3,3,3,2011
711,2011-03-03,Technology,Phones,"Samsung Audio Dock, with Caller ID",333.66,5,3,3,2011
712,2011-03-03,Technology,Copiers,"HP Copy Machine, High-Speed",731.07,3,3,3,2011
713,2011-03-03,Office Supplies,Appliances,"KitchenAid Coffee Grinder, Black",139.8,2,3,3,2011
714,2011-03-03,Office Supplies,Appliances,3.6 Cubic Foot Counter Height Office Refrigerator,176.772,3,3,3,2011
715,2011-03-03,Furniture,Furnishings,"Eldon Frame, Durable",113.28,1,3,3,2011
716,2011-03-03,Office Supplies,Storage,"Smead Lockers, Single Width",119.07,2,3,3,2011
717,2011-03-03,Technology,Phones,"Apple Speaker Phone, Cordless",126.15,1,3,3,2011
718,2011-03-03,Office Supplies,Fasteners,"OIC Clamps, 12 Pack",57.6,3,3,3,2011
719,2011-03-03,Technology,Accessories,"Memorex Keyboard, Erganomic",69.15,1,3,3,2011
720,2011-03-03,Office Supplies,Storage,"Tenex Folders, Blue",41.796,2,3,3,2011
721,2011-03-03,Office Supplies,Binders,"Wilson Jones 3-Hole Punch, Durable",58.98,2,3,3,2011
722,2011-03-03,Office Supplies,Binders,"Cardinal HOLDit! Binder Insert Strips,Extra Strips",25.32,5,3,3,2011
723,2011-03-03,Office Supplies,Storage,"Rogers Folders, Industrial",31.17,1,3,3,2011
724,2011-03-03,Furniture,Chairs,"Hon Bag Chairs, Adjustable",57.168,4,3,3,2011
725,2011-03-03,Office Supplies,Storage,Eldon Shelf Savers Cubes and Bins,44.672,8,3,3,2011
726,2011-03-03,Office Supplies,Fasteners,"Stockwell Rubber Bands, Assorted Sizes",16.308,3,3,3,2011
727,2011-03-03,Office Supplies,Labels,Avery 495,15.12,3,3,3,2011
728,2011-03-03,Office Supplies,Labels,"Hon File Folder Labels, Adjustable",7.848,3,3,3,2011
729,2011-03-03,Office Supplies,Envelo