,Order Date,Category,Sub-Category,Product Name,Sales,Quantity,Day,Month,Year
0,2010-01-12 11:49:00,United Kingdom,22243,5 HOOK HANGER RED MAGIC TOADSTOOL,9.9,6.0,12,1,2010
1,2010-01-12 11:49:00,United Kingdom,22243,5 HOOK HANGER RED MAGIC TOADSTOOL,4.95,3.0,12,1,2010
4,2010-01-12 12:43:00,United Kingdom,22956,36 FOIL HEART CAKE CASES,4.2,2.0,12,1,2010
7,2010-01-12 14:32:00,United Kingdom,22956,36 FOIL HEART CAKE CASES,4.21,1.0,12,1,2010
8,2010-01-12 14:32:00,United Kingdom,20770,ABSTRACT CIRCLE JOURNAL ,10.04,4.0,12,1,2010
10,2010-02-12 13:32:00,United Kingdom,90178A,AMBER CHUNKY GLASS+BEAD NECKLACE,11.95,1.0,12,2,2010
11,2010-02-12 13:36:00,United Kingdom,22956,36 FOIL HEART CAKE CASES,12.6,6.0,12,2,2010
12,2010-03-12 11:36:00,United Kingdom,20770,ABSTRACT CIRCLE JOURNAL ,2.51,1.0,12,3,2010
19,2010-05-12 11:10:00,United Kingdom,22564,ALPHABET STENCIL CRAFT,6.25,5.0,12,5,2010
21,2010-05-12 12:15:00,United Kingdom,22956,36 FOIL HEART CAKE CASES,4.2,2.0,12,5,2010
24,2010-05-12 13:42:00,United Kingdom,22956,36 FOIL HEART CAKE CASES,4.2,2.0,12,5,2010
25,2010-05-12 16:41:00,United Kingdom,20770,ABSTRACT CIRCLE JOURNAL ,2.55,1.0,12,5,2010
26,2010-06-12 10:08:00,United Kingdom,21723,ALPHABET HEARTS STICKER SHEET,3.32,2.0,12,6,2010
29,2010-06-12 10:53:00,United Kingdom,22564,ALPHABET STENCIL CRAFT,7.5,6.0,12,6,2010
33,2010-06-12 13:53:00,United Kingdom,22956,36 FOIL HEART CAKE CASES,12.6,6.0,12,6,2010
35,2010-06-12 15:09:00,United Kingdom,22956,36 FOIL HEART CAKE CASES,12.6,6.0,12,6,2010
36,2010-06-12 16:57:00,United Kingdom,20770,ABSTRACT CIRCLE JOURNAL ,2.51,1.0,12,6,2010
40,2010-07-12 11:59:00,United Kingdom,90178A,AMBER CHUNKY GLASS+BEAD NECKLACE,11.95,1.0,12,7,2010
42,2010-07-12 13:29:00,United Kingdom,22243,5 HOOK HANGER RED MAGIC TOADSTOOL,3.3,2.0,12,7,2010
45,2010-07-12 15:28:00,United Kingdom,22956,36 FOIL HEART CAKE CASES,4.21,1.0,12,7,2010
52,2010-08-12 12:08:00,United Kingdom,20770,ABSTRACT CIRCLE JOURNAL ,2.55,1.0,12,8,2010
58,2010-08-12 15:56:00,United Kingdom,22564,ALPHABET STENCIL CRAFT,2.5,2.0,12,8,2010
59,2010-08-12 15:59:00,United Kingdom,22243,5 HOOK HANGER RED MAGIC TOADSTOOL,6.6,4.0,12,8,2010
60,2010-08-12 16:11:00,United Kingdom,22956,36 FOIL HEART CAKE CASES,6.3,3.0,12,8,2010
63,2010-09-12 13:03:00,United Kingdom,22956,36 FOIL HEART CAKE CASES,4.2,2.0,12,9,2010
64,2010-09-12 13:59:00,United Kingdom,22956,36 FOIL HEART CAKE CASES,4.2,2.0,12,9,2010
66,2010-09-12 14:09:00,United Kingdom,20770,ABSTRACT CIRCLE JOURNAL ,2.51,1.0,12,9,2010
67,2010-09-12 14:09:00,United Kingdom,22243,5 HOOK HANGER RED MAGIC TOADSTOOL,3.36,1.0,12,9,2010
68,2010-09-12 14:09:00,United Kingdom,22956,36 FOIL HEART CAKE CASES,4.21,1.0,12,9,2010
72,2010-09-12 20:01:00,United Kingdom,20770,ABSTRACT CIRCLE JOURNAL ,2.55,1.0,12,9,2010
73,2010-10-12 09:51:00,United Kingdom,20770,ABSTRACT CIRCLE JOURNAL ,2.51,1.0,12,10,2010
74,2010-10-12 09:51:00,United Kingdom,22564,ALPHABET STENCIL CRAFT,2.51,1.0,12,10,2010
76,2010-10-12 11:31:00,United Kingdom,90178A,AMBER CHUNKY GLASS+BEAD NECKLACE,11.95,1.0,12,10,2010
77,2010-10-12 13:50:00,United Kingdom,22243,5 HOOK HANGER RED MAGIC TOADSTOOL,9.9,6.0,12,10,2010
78,2010-10-12 13:58:00,United Kingdom,22243,5 HOOK HANGER RED MAGIC TOADSTOOL,9.9,6.0,12,10,2010
81,2010-10-12 14:59:00,United Kingdom,20770,ABSTRACT CIRCLE JOURNAL ,2.51,1.0,12,10,2010
85,2010-12-12 16:05:00,United Kingdom,22564,ALPHABET STENCIL CRAFT,3.75,3.0,12,12,2010
86,2010-12-13 09:35:00,United Kingdom,20770,ABSTRACT CIRCLE JOURNAL ,2.51,1.0,13,12,2010
87,2010-12-13 09:35:00,United Kingdom,22243,5 HOOK HANGER RED MAGIC TOADSTOOL,3.36,1.0,13,12,2010
88,2010-12-13 11:21:00,United Kingdom,22243,5 HOOK HANGER RED MAGIC TOADSTOOL,3.36,1.0,13,12,2010
89,2010-12-13 11:21:00,United Kingdom,20770,ABSTRACT CIRCLE JOURNAL ,7.53,3.0,13,12,2010
90,2010-12-13 11:21:00,United Kingdom,90178A,AMBER CHUNKY GLASS+BEAD NECKLACE,11.9,1.0,13,12,2010
91,2010-12-13 11:21:00,United Kingdom,90184B,AMETHYST CHUNKY BEAD BRACELET W STR,9.34,1.0,13,12,2010
92,2010-12-13 13:10:00,United Kingdom,22956,36 FOIL HEART CAKE CASES,8.4,4.0,13,12,2010
93,2010-12-13 13:52:00,United Kingdom,22564,ALPHABET STENCIL CRAFT,2.5,2.0,13,12,2010
94,2010-12-14 12:11:00,United Kingdom,22564,ALPHABET STENCIL CRAFT,7.5,6.0,14,12,2010
95,2010-12-14 13:31:00,United Kingdom,20770,ABSTRACT CIRCLE JOURNAL ,7.65,3.0,14,12,2010
96,2010-12-14 13:33:00,United Kingdom,22564,ALPHABET STENCIL CRAFT,2.5,2.0,14,12,2010
98,2010-12-14 16:07:00,United Kingdom,22956,36 FOIL HEART CAKE CASES,12.6,6.0,14,12,2010
99,2010-12-15 13:24:00,United Kingdom,90178A,AMBER CHUNKY GLASS+BEAD NECKLACE,11.95,1.0,15,12,2010
100,2010-12-15 15:47:00,United Kingdom,22956,36 FOIL HEART CAKE CASES,8.4,4.0,15,12,2010
101,2010-12-16 13:43:00,United Kingdom,22956,36 FOIL HEART CAKE CASES,12.6,6.0,16,12,2010
105,2010-12-17 14:41:00,United Kingdom,22243,5 HOOK HANGER RED MAGIC TOADSTOOL,3.36,1.0,17,12,2010
106,2010-12-17 14:49:00,United Kingdom,20770,ABSTRACT CIRCLE JOURNAL ,5.02,2.0,17,12,2010
107,2010-12-17 17:08:00,United Kingdom,20770,ABSTRACT CIRCLE JOURNAL ,5.02,2.0,17,12,2010
110,2010-12-19 15:44:00,United Kingdom,22956,36 FOIL HEART CAKE CASES,6.3,3.0,19,12,2010
111,2010-12-23 13:26:00,United Kingdom,20770,ABSTRACT CIRCLE JOURNAL ,5.02,2.0,23,12,2010
118,2011-05-01 12:15:00,United Kingdom,22564,ALPHABET STENCIL CRAFT,7.5,6.0,1,5,2011
122,2011-05-01 15:57:00,United Kingdom,22956,36 FOIL HEART CAKE CASES,8.4,4.0,1,5,2011
124,2011-06-01 12:45:00,United Kingdom,22243,5 HOOK HANGER RED MAGIC TOADSTOOL,3.3,2.0,1,6,2011
125,2011-06-01 14:27:00,United Kingdom,90184A,AMBER CHUNKY BEAD BRACELET W STRAP,9.34,1.0,1,6,2011
126,2011-06-01 14:53:00,United Kingdom,22956,36 FOIL HEART CAKE CASES,4.2,2.0,1,6,2011
131,2011-07-01 13:55:00,United Kingdom,21723,ALPHABET HEARTS STICKER SHEET,3.32,2.0,1,7,2011
132,2011-07-01 14:31:00,United Kingdom,22564,ALPHABET STENCIL CRAFT,2.5,2.0,1,7,2011
134,2011-09-01 12:01:00,United Kingdom,90184B,AMETHYST CHUNKY BEAD BRACELET W STR,8.95,1.0,1,9,2011
136,2011-10-01 09:11:00,Spain,22956,36 FOIL HEART CAKE CASES,12.6,6.0,1,10,2011
137,2011-10-01 09:43:00,United Kingdom,22956,36 FOIL HEART CAKE CASES,4.21,1.0,1,10,2011
140,2011-10-01 14:32:00,United Kingdom,90184A,AMBER CHUNKY BEAD BRACELET W STRAP,9.34,1.0,1,10,2011
141,2011-10-01 14:57:00,United Kingdom,22956,36 FOIL HEART CAKE CASES,12.6,6.0,1,10,2011
143,2011-11-01 12:41:00,United Kingdom,22564,ALPHABET STENCIL CRAFT,3.75,3.0,1,11,2011
145,2011-12-01 09:26:00,United Kingdom,20770,ABSTRACT CIRCLE JOURNAL ,2.51,1.0,1,12,2011
146,2011-12-01 09:26:00,United Kingdom,90011E,AMBER CRYSTAL DROP EARRINGS,2.96,1.0,1,12,2011
147,2011-12-01 10:58:00,United Kingdom,22956,36 FOIL HEART CAKE CASES,10.5,5.0,1,12,2011
148,2011-12-01 11:52:00,United Kingdom,22956,36 FOIL HEART CAKE CASES,12.6,6.0,1,12,2011
149,2011-12-01 13:19:00,United Kingdom,21723,ALPHABET HEARTS STICKER SHEET,2.55,3.0,1,12,2011
151,2011-12-01 16:57:00,United Kingdom,22956,36 FOIL HEART CAKE CASES,4.2,2.0,1,12,2011
152,2011-01-13 14:29:00,United Kingdom,90125E,AMBER BERTIE GLASS BEAD BAG CHARM,3.26,2.0,13,1,2011
155,2011-01-14 13:42:00,United Kingdom,22956,36 FOIL HEART CAKE CASES,12.6,6.0,14,1,2011
156,2011-01-14 14:39:00,United Kingdom,21723,ALPHABET HEARTS STICKER SHEET,3.4,4.0,14,1,2011
161,2011-01-17 14:51:00,United Kingdom,22956,36 FOIL HEART CAKE CASES,12.6,6.0,17,1,2011
162,2011-01-17 17:44:00,United Kingdom,20770,ABSTRACT CIRCLE JOURNAL ,2.46,1.0,17,1,2011
163,2011-01-17 17:44:00,United Kingdom,90184A,AMBER CHUNKY BEAD BRACELET W STRAP,9.15,1.0,17,1,2011
166,2011-01-17 17:54:00,United Kingdom,20770,ABSTRACT CIRCLE JOURNAL ,4.92,2.0,17,1,2011
168,2011-01-18 15:19:00,United Kingdom,20770,ABSTRACT CIRCLE JOURNAL ,12.3,5.0,18,1,2011
171,2011-01-19 14:43:00,United Kingdom,22956,36 FOIL HEART CAKE CASES,12.6,6.0,19,1,2011
172,2011-01-20 10:43:00,United Kingdom,22564,ALPHABET STENCIL CRAFT,6.25,5.0,20,1,2011
173,2011-01-20 12:16:00,United Kingdom,22243,5 HOOK HANGER RED MAGIC TOADSTOOL,3.3,2.0,20,1,2011
174,2011-01-20 14:13:00,United Kingdom,20770,ABSTRACT CIRCLE JOURNAL ,2.55,1.0,20,1,2011
178,2011-01-21 17:05:00,United Kingdom,22243,5 HOOK HANGER RED MAGIC TOADSTOOL,6.58,2.0,21,1,2011
179,2011-01-24 09:39:00,United Kingdom,90125E,AMBER BERTIE GLASS BEAD BAG CHARM,4.13,1.0,24,1,2011
182,2011-01-25 13:35:00,United Kingdom,22956,36 FOIL HEART CAKE CASES,12.6,6.0,25,1,2011
183,2011-01-26 13:40:00,United Kingdom,21723,ALPHABET HEARTS STICKER SHEET,2.55,3.0,26,1,2011
184,2011-01-26 13:40:00,United Kingdom,21723,ALPHABET HEARTS STICKER SHEET,2.55,3.0,26,1,2011
185,2011-01-26 13:40:00,United Kingdom,22564,ALPHABET STENCIL CRAFT,5.0,4.0,26,1,2011
186,2011-01-26 14:35:00,Italy,22956,36 FOIL HEART CAKE CASES,12.6,6.0,26,1,2011
188,2011-01-27 11:05:00,Spain,22956,36 FOIL HEART CAKE CASES,12.6,6.0,27,1,2011
189,2011-01-27 11:30:00,United Kingdom,22243,5 HOOK HANGER RED MAGIC TOADSTOOL,3.29,1.0,27,1,2011
191,2011-01-27 14:31:00,United Kingdom,22956,36 FOIL HEART CAKE CASES,12.6,6.0,27,1,2011
192,2011-01-27 15:02:00,United Kingdom,22956,36 FOIL HEART CAKE CASES,4.2,2.0,27,1,2011
194,2011-01-30 10:19:00,United Kingdom,22564,ALPHABET STENCIL CRAFT,2.5,2.0,30,1,2011
195,2011-01-30 10:19:00,United Kingdom,84465,15 PINK FLUFFY CHICKS IN BOX,5.9,2.0,30,1,2011
196,2011-01-30 13:48:00,United Kingdom,22243,5 HOOK HANGER RED MAGIC TOADSTOOL,3.3,2.0,30,1,2011
200,2011-01-31 14:18:00,United Kingdom,22243,5 HOOK HANGER RED MAGIC TOADSTOOL,3.3,2.0,31,1,2011
204,2011-01-02 11:31:00,United Kingdom,22243,5 HOOK HANGER RED MAGIC TOADSTOOL,6.6,4.0,2,1,2011
206,2011-01-02 14:01:00,United Kingdom,84465,15 PINK FLUFFY CHICKS IN BOX,2.95,1.0,2,1,2011
208,2011-01-02 15:12:00,United Kingdom,20770,ABSTRACT CIRCLE JOURNAL ,2.46,1.0,2,1,2011
209,2011-02-02 13:35:00,United Kingdom,22243,5 HOOK HANGER RED MAGIC TOADSTOOL,3.29,1.0,2,2,2011
210,2011-02-02 13:35:00,United Kingdom,90184A,AMBER CHUNKY BEAD BRACELET W STRAP,9.15,1.0,2,2,2011
215,2011-06-02 12:49:00,United Kingdom,90184B,AMETHYST CHUNKY BEAD BRACELET W STR,8.95,1.0,2,6,2011
216,2011-07-02 11:42:00,United Kingdom,20770,ABSTRACT CIRCLE JOURNAL ,7.65,3.0,2,7,2011
217,2011-07-02 11:56:00,United Kingdom,22564,ALPHABET STENCIL CRAFT,2.5,2.0,2,7,2011
219,2011-08-02 12:01:00,United Kingdom,22956,36 FOIL HEART CAKE CASES,12.6,6.0,2,8,2011
222,2011-09-02 15:33:00,United Kingdom,90184B,AMETHYST CHUNKY BEAD BRACELET W STR,8.95,1.0,2,9,2011
228,2011-02-15 08:18:00,United Kingdom,22956,36 FOIL HEART CAKE CASES,12.6,6.0,15,2,2011
229,2011-02-15 14:02:00,United Kingdom,20770,ABSTRACT CIRCLE JOURNAL ,7.65,3.0,15,2,2011
230,2011-02-15 14:49:00,EIRE,22956,36 FOIL HEART CAKE CASES,8.4,4.0,15,2,2011
232,2011-02-16 15:55:00,United Kingdom,20770,ABSTRACT CIRCLE JOURNAL ,2.46,1.0,16,2,2011
235,2011-02-17 15:51:00,United Kingdom,22956,36 FOIL HEART CAKE CASES,4.13,1.0,17,2,2011
236,2011-02-18 11:27:00,United Kingdom,21723,ALPHABET HEARTS STICKER SHEET,5.1,6.0,18,2,2011
237,2011-02-20 14:38:00,United Kingdom,22564,ALPHABET STENCIL CRAFT,2.5,2.0,20,2,2011
242,2011-02-21 18:10:00,United Kingdom,22243,5 HOOK HANGER RED MAGIC TOADSTOOL,3.29,1.0,21,2,2011
244,2011-02-24 11:54:00,United Kingdom,21723,ALPHABET HEARTS STICKER SHEET,5.1,6.0,24,2,2011
245,2011-02-24 11:54:00,United Kingdom,22956,36 FOIL HEART CAKE CASES,4.2,2.0,24,2,2011
246,2011-02-24 18:07:00,United Kingdom,20770,ABSTRACT CIRCLE JOURNAL ,2.46,1.0,24,2,2011
248,2011-02-25 10:53:00,United Kingdom,22956,36 FOIL HEART CAKE CASES,12.6,6.0,25,2,2011
249,2011-02-27 12:48:00,United Kingdom,22243,5 HOOK HANGER RED MAGIC TOADSTOOL,8.25,5.0,27,2,2011
250,2011-02-27 14:07:00,United Kingdom,20770,ABSTRACT CIRCLE JOURNAL ,2.55,1.0,27,2,2011
251,2011-02-28 10:35:00,United Kingdom,22956,36 FOIL HEART CAKE CASES,12.6,6.0,28,2,2011
253,2011-02-28 15:19:00,United Kingdom,22956,36 FOIL HEART CAKE CASES,4.2,2.0,28,2,2011
254,2011-02-28 16:47:00,United Kingdom,21723,ALPHABET HEARTS STICKER SHEET,3.26,2.0,28,2,2011
255,2011-02-28 16:47:00,United Kingdom,20770,ABSTRACT CIRCLE JOURNAL ,2.46,1.0,28,2,2011
256,2011-02-28 16:50:00,United Kingdom,90178A,AMBER CHUNKY GLASS+BEAD NECKLACE,11.65,1.0,28,2,2011
258,2011-02-28 16:59:00,United Kingdom,22243,5 HOOK HANGER RED MAGIC TOADSTOOL,3.29,1.0,28,2,2011
259,2011-02-28 16:59:00,United Kingdom,22956,36 FOIL HEART CAKE CASES,8.26,2.0,28,2,2011
261,2011-01-03 16:34:00,United Kingdom,21723,ALPHABET HEARTS STICKER SHEET,4.25,5.0,3,1,2011
262,2011-02-03 16:17:00,United Kingdom,22956,36 FOIL HEART CAKE CASES,6.3,3.0,3,2,2011
263,2011-03-03 09:10:00,United Kingdom,22243,5 HOOK HANGER RED MAGIC TOADSTOOL,3.29,1.0,3,3,2011
266,2011-06-03 15:17:00,United Kingdom,84465,15 PINK FLUFFY CHICKS IN BOX,2.95,1.0,3,6,2011
268,2011-07-03 13:10:00,United Kingdom,22243,5 HOOK HANGER RED MAGIC TOADSTOOL,3.3,2.0,3,7,2011
269,2011-07-03 14:51:00,United Kingdom,22243,5 HOOK HANGER RED MAGIC TOADSTOOL,4.95,3.0,3,7,2011
270,2011-07-03 17:14:00,United Kingdom,20770,ABSTRACT CIRCLE JOURNAL ,2.46,1.0,3,7,2011
271,2011-07-03 17:14:00,United Kingdom,22243,5 HOOK HANGER RED MAGIC TOADSTOOL,3.29,1.0,3,7,2011
273,2011-08-03 12:19:00,United Kingdom,22956,36 FOIL HEART CAKE CASES,12.6,6.0,3,8,2011
274,2011-08-03 12:19:00,United Kingdom,22564,ALPHABET STENCIL CRAFT,3.75,3.0,3,8,2011
278,2011-08-03 15:43:00,United Kingdom,20770,ABSTRACT CIRCLE JOURNAL ,2.46,1.0,3,8,2011
280,2011-09-03 11:44:00,United Kingdom,84465,15 PINK FLUFFY CHICKS IN BOX,5.9,2.0,3,9,2011
281,2011-09-03 11:53:00,Channel Islands,22956,36 FOIL HEART CAKE CASES,12.6,6.0,3,9,2011
282,2011-09-03 12:21:00,United Kingdom,22564,ALPHABET STENCIL CRAFT,7.5,6.0,3,9,2011
283,2011-09-03 12:35:00,United Kingdom,22243,5 HOOK HANGER RED MAGIC TOADSTOOL,3.3,2.0,3,9,2011
285,2011-09-03 16:32:00,United Kingdom,22564,ALPHABET STENCIL CRAFT,2.46,1.0,3,9,2011
286,2011-10-03 12:16:00,United Kingdom,22243,5 HOOK HANGER RED MAGIC TOADSTOOL,8.25,5.0,3,10,2011
287,2011-10-03 15:52:00,United Kingdom,84465,15 PINK FLUFFY CHICKS IN BOX,5.9,2.0,3,10,2011
288,2011-10-03 16:16:00,United Kingdom,22956,36 FOIL HEART CAKE CASES,4.2,2.0,3,10,2011
291,2011-03-13 15:55:00,United Kingdom,22243,5 HOOK HANGER RED MAGIC TOADSTOOL,8.25,5.0,13,3,2011
292,2011-03-15 11:45:00,United Kingdom,20770,ABSTRACT CIRCLE JOURNAL ,2.55,1.0,15,3,2011
293,2011-03-15 15:37:00,United Kingdom,22243,5 HOOK HANGER RED MAGIC TOADSTOOL,8.25,5.0,15,3,2011
294,2011-03-17 13:20:00,United Kingdom,22243,5 HOOK HANGER RED MAGIC TOADSTOOL,4.95,3.0,17,3,2011
295,2011-03-17 18:24:00,United Kingdom,22243,5 HOOK HANGER RED MAGIC TOADSTOOL,3.29,1.0,17,3,2011
300,2011-03-20 13:33:00,United Kingdom,22243,5 HOOK HANGER RED MAGIC TOADSTOOL,3.3,2.0,20,3,2011
301,2011-03-22 12:25:00,United Kingdom,22564,ALPHABET STENCIL CRAFT,2.5,2.0,22,3,2011
302,2011-03-22 12:25:00,United Kingdom,22956,36 FOIL HEART CAKE CASES,6.3,3.0,22,3,2011
304,2011-03-22 15:20:00,United Kingdom,20770,ABSTRACT CIRCLE JOURNAL ,5.1,2.0,22,3,2011
308,2011-03-22 15:52:00,United Kingdom,22243,5 HOOK HANGER RED MAGIC TOADSTOOL,3.29,1.0,22,3,2011
309,2011-03-22 15:52:00,United Kingdom,90184B,AMETHYST CHUNKY BEAD BRACELET W STR,9.15,1.0,22,3,2011
310,2011-03-23 11:48:00,United Kingdom,22243,5 HOOK HANGER RED MAGIC TOADSTOOL,6.6,4.0,23,3,2011
313,2011-03-23 15:30:00,United Kingdom,22564,ALPHABET STENCIL CRAFT,2.46,1.0,23,3,2011
314,2011-03-24 11:38:00,United Kingdom,22956,36 FOIL HEART CAKE CASES,12.6,6.0,24,3,2011
316,2011-03-24 12:21:00,United Kingdom,22243,5 HOOK HANGER RED MAGIC TOADSTOOL,8.25,5.0,24,3,2011
317,2011-03-24 12:52:00,United Kingdom,22956,36 FOIL HEART CAKE CASES,12.6,6.0,24,3,2011
318,2011-03-24 13:16:00,United Kingdom,22564,ALPHABET STENCIL CRAFT,2.5,2.0,24,3,2011
319,2011-03-25 11:34:00,United Kingdom,20770,ABSTRACT CIRCLE JOURNAL ,2.55,1.0,25,3,2011
320,2011-03-25 15:50:00,United Kingdom,20770,ABSTRACT CIRCLE JOURNAL ,2.46,1.0,25,3,2011
324,2011-03-28 14:27:00,United Kingdom,22564,ALPHABET STENCIL CRAFT,2.5,2.0,28,3,2011
327,2011-03-29 15:22:00,United Kingdom,84465,15 PINK FLUFFY CHICKS IN BOX,2.95,1.0,29,3,2011
328,2011-03-29 16:36:00,United Kingdom,22956,36 FOIL HEART CAKE CASES,12.6,6.0,29,3,2011
331,2011-03-30 12:15:00,United Kingdom,22564,ALPHABET STENCIL CRAFT,7.5,6.0,30,3,2011
332,2011-03-30 17:33:00,United Kingdom,20770,ABSTRACT CIRCLE JOURNAL ,7.65,3.0,30,3,2011
334,2011-01-04 11:34:00,United Kingdom,22564,ALPHABET STENCIL CRAFT,2.5,2.0,4,1,2011
337,2011-03-04 15:07:00,United Kingdom,22564,ALPHABET STENCIL CRAFT,2.5,2.0,4,3,2011
339,2011-04-04 15:54:00,United Kingdom,20770,ABSTRACT CIRCLE JOURNAL ,2.46,1.0,4,4,2011
340,2011-04-04 16:01:00,United Kingdom,22243,5 HOOK HANGER RED MAGIC TOADSTOOL,3.29,1.0,4,4,2011
342,2011-06-04 15:47:00,United Kingdom,22956,36 FOIL HEART CAKE CASES,12.6,6.0,4,6,2011
343,2011-06-04 17:08:00,United Kingdom,20770,ABSTRACT CIRCLE JOURNAL ,2.46,1.0,4,6,2011
345,2011-07-04 11:16:00,United Kingdom,21723,ALPHABET HEARTS STICKER SHEET,5.1,6.0,4,7,2011
347,2011-07-04 19:49:00,United Kingdom,90184B,AMETHYST CHUNKY BEAD BRACELET W STR,9.15,1.0,4,7,2011
349,2011-10-04 11:45:00,United Kingdom,90184A,AMBER CHUNKY BEAD BRACELET W STRAP,8.95,1.0,4,10,2011
350,2011-10-04 11:45:00,United Kingdom,90184B,AMETHYST CHUNKY BEAD BRACELET W STR,8.95,1.0,4,10,2011
352,2011-10-04 15:19:00,United Kingdom,90184A,AMBER CHUNKY BEAD BRACELET W STRAP,8.95,1.0,4,10,2011
354,2011-11-04 10:09:00,United Kingdom,22956,36 FOIL HEART CAKE CASES,12.6,6.0,4,11,2011
355,2011-11-04 10:14:00,United Kingdom,22956,36 FOIL HEART CAKE CASES,12.6,6.0,4,11,2011
356,2011-12-04 13:10:00,United Kingdom,22956,36 FOIL HEART CAKE CASES,12.6,6.0,4,12,2011
360,2011-04-14 15:58:00,United Kingdom,22956,36 FOIL HEART CAKE CASES,12.6,6.0,14,4,2011
366,2011-04-17 13:43:00,United Kingdom,22564,ALPHABET STENCIL CRAFT,2.5,2.0,17,4,2011
368,2011-04-18 14:01:00,United Kingdom,23068,ALUMINIUM STAMPED HEART,9.96,4.0,18,4,2011
369,2011-04-18 14:50:00,United Kingdom,22243,5 HOOK HANGER RED MAGIC TOADSTOOL,3.3,2.0,18,4,2011
371,2011-04-19 11:37:00,United Kingdom,22243,5 HOOK HANGER RED MAGIC TOADSTOOL,3.29,1.0,19,4,2011
375,2011-04-19 15:39:00,United Kingdom,22243,5 HOOK HANGER RED MAGIC TOADSTOOL,4.95,3.0,19,4,2011
376,2011-04-19 15:44:00,United Kingdom,22243,5 HOOK HANGER RED MAGIC TOADSTOOL,3.29,1.0,19,4,2011
379,2011-04-20 17:37:00,United Kingdom,22243,5 HOOK HANGER RED MAGIC TOADSTOOL,6.6,4.0,20,4,2011
380,2011-04-20 17:37:00,United Kingdom,22956,36 FOIL HEART CAKE CASES,6.3,3.0,20,4,2011
381,2011-04-21 12:07:00,Switzerland,22956,36 FOIL HEART CAKE CASES,12.6,6.0,21,4,2011
384,2011-04-21 16:17:00,United Kingdom,22243,5 HOOK HANGER RED MAGIC TOADSTOOL,6.58,2.0,21,4,2011
385,2011-04-21 18:10:00,United Kingdom,22243,5 HOOK HANGER RED MAGIC TOADSTOOL,3.29,1.0,21,4,2011
386,2011-04-21 18:10:00,United Kingdom,22564,ALPHABET STENCIL CRAFT,2.46,1.0,21,4,2011
387,2011-04-26 13:22:00,United Kingdom,23068,ALUMINIUM STAMPED HEART,9.96,4.0,26,4,2011
388,2011-04-26 16:45:00,United Kingdom,23068,ALUMINIUM STAMPED HEART,4.98,2.0,26,4,2011
389,2011-04-26 16:53:00,United Kingdom,23068,ALUMINIUM STAMPED HEART,9.96,4.0,26,4,2011
390,2011-04-27 12:35:00,United Kingdom,21723,ALPHABET HEARTS STICKER SHEET,4.25,5.0,27,4,2011
391,2011-04-27 13:06:00,United Kingdom,22956,36 FOIL HEART CAKE CASES,4.2,2.0,27,4,2011
392,2011-04-27 14:05:00,United Kingdom,23068,ALUMINIUM STAMPED HEART,9.96,4.0,27,4,2011
394,2011-04-27 16:54:00,United Kingdom,23068,ALUMINIUM STAMPED HEART,9.96,4.0,27,4,2011
397,2011-01-05 11:55:00,United Kingdom,23068,ALUMINIUM STAMPED HEART,9.96,4.0,5,1,2011
400,2011-03-05 17:12:00,United Kingdom,23068,ALUMINIUM STAMPED HEART,9.96,4.0,5,3,2011
402,2011-04-05 10:58:00,United Kingdom,23068,ALUMINIUM STAMPED HEART,2.49,1.0,5,4,2011
403,2011-04-05 13:57:00,United Kingdom,22956,36 FOIL HEART CAKE CASES,12.6,6.0,5,4,2011
405,2011-05-05 13:56:00,United Kingdom,23068,ALUMINIUM STAMPED HEART,9.96,4.0,5,5,2011
406,2011-05-05 14:41:00,United Kingdom,23068,ALUMINIUM STAMPED HEART,9.96,4.0,5,5,2011
407,2011-05-05 14:41:00,United Kingdom,23068,ALUMINIUM STAMPED HEART,9.96,4.0,5,5,2011
408,2011-05-05 15:42:00,United Kingdom,22956,36 FOIL HEART CAKE CASES,4.13,1.0,5,5,2011
409,2011-05-05 15:42:00,United Kingdom,20770,ABSTRACT CIRCLE JOURNAL ,2.46,1.0,5,5,2011
410,2011-05-05 17:26:00,United Kingdom,23068,ALUMINIUM STAMPED HEART,7.47,3.0,5,5,2011
413,2011-06-05 13:43:00,United Kingdom,23068,ALUMINIUM STAMPED HEART,4.98,2.0,5,6,2011
414,2011-06-05 15:40:00,United Kingdom,20770,ABSTRACT CIRCLE JOURNAL ,2.46,1.0,5,6,2011
415,2011-06-05 15:54:00,United Kingdom,20770,ABSTRACT CIRCLE JOURNAL ,4.92,2.0,5,6,2011
416,2011-08-05 11:49:00,United Kingdom,23068,ALUMINIUM STAMPED HEART,2.49,1.0,5,8,2011
417,2011-08-05 11:52:00,United Kingdom,23068,ALUMINIUM STAMPED HEART,2.49,1.0,5,8,2011
418,2011-08-05 12:44:00,United Kingdom,22564,ALPHABET STENCIL CRAFT,5.0,4.0,5,8,2011
423,2011-09-05 13:10:00,United Kingdom,23068,ALUMINIUM STAMPED HEART,9.96,4.0,5,9,2011
425,2011-09-05 16:30:00,United Kingdom,22243,5 HOOK HANGER RED MAGIC TOADSTOOL,3.29,1.0,5,9,2011
426,2011-09-05 16:42:00,United Kingdom,23068,ALUMINIUM STAMPED HEART,9.96,4.0,5,9,2011
427,2011-10-05 11:04:00,United Kingdom,23068,ALUMINIUM STAMPED HEART,9.96,4.0,5,10,2011
428,2011-10-05 14:09:00,United Kingdom,23068,ALUMINIUM STAMPED HEART,9.96,4.0,5,10,2011
429,2011-10-05 14:09:00,United Kingdom,20770,ABSTRACT CIRCLE JOURNAL ,5.1,2.0,5,10,2011
431,2011-10-05 16:00:00,United Kingdom,23068,ALUMINIUM STAMPED HEART,9.96,4.0,5,10,2011
432,2011-11-05 12:44:00,United Kingdom,23068,ALUMINIUM HEART,9.96,4.0,5,11,2011
433,2011-11-05 12:58:00,United Kingdom,23068,ALUMINIUM STAMPED HEART,2.49,1.0,5,11,2011
435,2011-11-05 14:37:00,Germany,22956,36 FOIL HEART CAKE CASES,12.6,6.0,5,11,2011
438,2011-12-05 12:01:00,United Kingdom,22956,36 FOIL HEART CAKE CASES,4.2,2.0,5,12,2011
439,2011-12-05 13:12:00,United Kingdom,23068,ALUMINIUM STAMPED HEART,9.96,4.0,5,12,2011
441,2011-12-05 16:52:00,United Kingdom,22956,36 FOIL HEART CAKE CASES,4.2,2.0,5,12,2011
442,2011-12-05 18:19:00,United Kingdom,20770,ABSTRACT CIRCLE JOURNAL ,2.46,1.0,5,12,2011
443,2011-12-05 18:49:00,United Kingdom,23068,ALUMINIUM STAMPED HEART,9.96,4.0,5,12,2011
444,2011-12-05 20:13:00,United Kingdom,22564,ALPHABET STENCIL CRAFT,2.5,2.0,5,12,2011
445,2011-05-13 10:44:00,United Kingdom,23068,ALUMINIUM STAMPED HEART,9.96,4.0,13,5,2011
446,2011-05-13 11:45:00,United Kingdom,22243,5 HOOK HANGER RED MAGIC TOADSTOOL,4.95,3.0,13,5,2011
447,2011-05-13 12:34:00,United Kingdom,22956,36 FOIL HEART CAKE CASES,6.3,3.0,13,5,2011
449,2011-05-15 13:14:00,United Kingdom,23068,ALUMINIUM STAMPED HEART,2.49,1.0,15,5,2011
450,2011-05-15 13:14:00,United Kingdom,23068,ALUMINIUM STAMPED HEART,4.98,2.0,15,5,2011
451,2011-05-15 13:14:00,United Kingdom,23068,ALUMINIUM STAMPED HEART,4.98,2.0,15,5,2011
454,2011-05-16 16:33:00,United Kingdom,20770,ABSTRACT CIRCLE JOURNAL ,2.46,1.0,16,5,2011
457,2011-05-19 14:05:00,United Kingdom,22243,5 HOOK HANGER RED MAGIC TOADSTOOL,4.95,3.0,19,5,2011
462,2011-05-22 13:01:00,United Kingdom,22956,36 FOIL HEART CAKE CASES,6.3,3.0,22,5,2011
464,2011-05-22 13:01:00,United Kingdom,23068,ALUMINIUM STAMPED HEART,9.96,4.0,22,5,2011
467,2011-05-23 11:07:00,United Kingdom,22956,36 FOIL HEART CAKE CASES,6.3,3.0,23,5,2011
468,2011-05-23 13:17:00,United Kingdom,22564,ALPHABET STENCIL CRAFT,2.5,2.0,23,5,2011
469,2011-05-24 11:55:00,United Kingdom,21723,ALPHABET HEARTS STICKER SHEET,3.4,4.0,24,5,2011
471,2011-05-25 16:08:00,United Kingdom,23068,ALUMINIUM STAMPED HEART,9.96,4.0,25,5,2011
472,2011-05-25 17:06:00,United Kingdom,22956,36 FOIL HEART CAKE CASES,4.13,1.0,25,5,2011
473,2011-05-25 17:06:00,United Kingdom,20770,ABSTRACT CIRCLE JOURNAL ,2.46,1.0,25,5,2011
474,2011-05-26 10:25:00,United Kingdom,23068,ALUMINIUM HEART,4.98,2.0,26,5,2011
478,2011-05-29 12:06:00,United Kingdom,22564,ALPHABET STENCIL CRAFT,6.25,5.0,29,5,2011
479,2011-05-29 14:08:00,United Kingdom,22564,ALPHABET STENCIL CRAFT,3.75,3.0,29,5,2011
481,2011-01-06 12:10:00,United Kingdom,22956,36 FOIL HEART CAKE CASES,12.6,6.0,6,1,2011
483,2011-01-06 17:30:00,United Kingdom,20770,ABSTRACT CIRCLE JOURNAL ,2.46,1.0,6,1,2011
484,2011-01-06 17:33:00,United Kingdom,22243,5 HOOK HANGER RED MAGIC TOADSTOOL,3.29,1.0,6,1,2011
486,2011-02-06 11:13:00,United Kingdom,20770,ABSTRACT CIRCLE JOURNAL ,2.55,1.0,6,2,2011
487,2011-02-06 11:33:00,United Kingdom,20770,ABSTRACT CIRCLE JOURNAL ,7.65,3.0,6,2,2011
488,2011-02-06 11:42:00,United Kingdom,22243,5 HOOK HANGER RED MAGIC TOADSTOOL,9.9,6.0,6,2,2011
489,2011-02-06 19:50:00,United Kingdom,22564,ALPHABET STENCIL CRAFT,2.5,2.0,6,2,2011
490,2011-05-06 10:41:00,United Kingdom,23068,ALUMINIUM STAMPED HEART,9.96,4.0,6,5,2011
493,2011-06-06 13:24:00,United Kingdom,23068,ALUMINIUM STAMPED HEART,9.96,4.0,6,6,2011
494,2011-07-06 14:30:00,United Kingdom,23068,ALUMINIUM STAMPED HEART,9.96,4.0,6,7,2011
495,2011-07-06 17:13:00,United Kingdom,22243,5 HOOK HANGER RED MAGIC TOADSTOOL,3.29,1.0,6,7,2011
498,2011-08-06 17:59:00,United Kingdom,23068,ALUMINIUM STAMPED HEART,4.96,1.0,6,8,2011
500,2011-09-06 14:15:00,United Kingdom,22956,36 FOIL HEART CAKE CASES,12.6,6.0,6,9,2011
504,2011-12-06 15:14:00,United Kingdom,23068,ALUMINIUM STAMPED HEART,4.98,2.0,6,12,2011
506,2011-06-15 10:39:00,United Kingdom,22564,ALPHABET STENCIL CRAFT,2.5,2.0,15,6,2011
508,2011-06-15 13:25:00,United Kingdom,21723,ALPHABET HEARTS STICKER SHEET,5.1,6.0,15,6,2011
512,2011-06-17 12:16:00,United Kingdom,23068,ALUMINIUM STAMPED HEART,4.98,2.0,17,6,2011
513,2011-06-19 12:26:00,United Kingdom,21723,ALPHABET HEARTS STICKER SHEET,4.25,5.0,19,6,2011
516,2011-06-20 12:06:00,United Kingdom,23068,ALUMINIUM STAMPED HEART,9.96,4.0,20,6,2011
517,2011-06-21 10:48:00,United Kingdom,23068,ALUMINIUM STAMPED HEART,4.98,2.0,21,6,2011
519,2011-06-22 12:32:00,United Kingdom,23068,ALUMINIUM STAMPED HEART,2.49,1.0,22,6,2011
520,2011-06-23 10:44:00,United Kingdom,22564,ALPHABET STENCIL CRAFT,5.0,4.0,23,6,2011
528,2011-06-26 12:04:00,United Kingdom,22564,ALPHABET STENCIL CRAFT,3.75,3.0,26,6,2011
529,2011-06-26 13:45:00,United Kingdom,23068,ALUMINIUM STAMPED HEART,9.96,4.0,26,6,2011
533,2011-06-29 15:58:00,United Kingdom,22956,36 FOIL HEART CAKE CASES,7.38,3.0,29,6,2011
534,2011-06-29 15:58:00,United Kingdom,21723,ALPHABET HEARTS STICKER SHEET,3.16,4.0,29,6,2011
535,2011-06-30 10:09:00,United Kingdom,22956,36 FOIL HEART CAKE CASES,12.6,6.0,30,6,2011
538,2011-06-30 18:17:00,United Kingdom,23068,ALUMINIUM STAMPED HEART,9.96,4.0,30,6,2011
539,2011-06-30 19:13:00,United Kingdom,22243,5 HOOK HANGER RED MAGIC TOADSTOOL,8.25,5.0,30,6,2011
543,2011-01-07 15:35:00,United Kingdom,22956,36 FOIL HEART CAKE CASES,12.6,6.0,7,1,2011
545,2011-03-07 11:26:00,United Kingdom,22956,36 FOIL HEART CAKE CASES,4.2,2.0,7,3,2011
546,2011-04-07 10:17:00,United Kingdom,22956,36 FOIL HEART CAKE CASES,2.46,1.0,7,4,2011
547,2011-04-07 10:23:00,United Kingdom,22956,36 FOIL HEART CAKE CASES,2.46,1.0,7,4,2011
548,2011-04-07 11:47:00,United Kingdom,23068,ALUMINIUM STAMPED HEART,7.47,3.0,7,4,2011
549,2011-04-07 12:38:00,EIRE,22956,36 FOIL HEART CAKE CASES,12.6,6.0,7,4,2011
552,2011-04-07 16:18:00,United Kingdom,21723,ALPHABET HEARTS STICKER SHEET,3.16,4.0,7,4,2011
553,2011-04-07 16:18:00,United Kingdom,22564,ALPHABET STENCIL CRAFT,2.46,1.0,7,4,2011
555,2011-05-07 09:06:00,United Kingdom,22956,36 FOIL HEART CAKE CASES,12.6,6.0,7,5,2011
558,2011-05-07 16:53:00,United Kingdom,20770,ABSTRACT CIRCLE JOURNAL ,4.92,2.0,7,5,2011
559,2011-05-07 16:53:00,United Kingdom,22956,36 FOIL HEART CAKE CASES,4.92,2.0,7,5,2011
560,2011-05-07 17:09:00,United Kingdom,22956,36 FOIL HEART CAKE CASES,2.46,1.0,7,5,2011
561,2011-05-07 17:09:00,United Kingdom,20770,ABSTRACT CIRCLE JOURNAL ,4.92,2.0,7,5,2011
563,2011-06-07 16:29:00,United Kingdom,22956,36 FOIL HEART CAKE CASES,7.38,3.0,7,6,2011
564,2011-06-07 16:33:00,United Kingdom,20770,ABSTRACT CIRCLE JOURNAL ,4.92,2.0,7,6,2011
565,2011-06-07 16:33:00,United Kingdom,22956,36 FOIL HEART CAKE CASES,2.46,1.0,7,6,2011
566,2011-06-07 16:33:00,United Kingdom,23068,ALUMINIUM STAMPED HEART,4.96,1.0,7,6,2011
567,2011-07-07 16:27:00,United Kingdom,20770,ABSTRACT CIRCLE JOURNAL ,2.46,1.0,7,7,2011
568,2011-07-07 16:27:00,United Kingdom,22956,36 FOIL HEART CAKE CASES,2.46,1.0,7,7,2011
569,2011-07-07 19:54:00,United Kingdom,23068,ALUMINIUM STAMPED HEART,2.49,1.0,7,7,2011
579,2011-12-07 16:20:00,United Kingdom,20770,ABSTRACT CIRCLE JOURNAL ,9.84,4.0,7,12,2011
580,2011-07-13 10:33:00,United Kingdom,22243,5 HOOK HANGER RED MAGIC TOADSTOOL,3.3,2.0,13,7,2011
581,2011-07-13 13:14:00,United Kingdom,23068,ALUMINIUM STAMPED HEART,2.49,1.0,13,7,2011
585,2011-07-13 16:07:00,United Kingdom,22956,36 FOIL HEART CAKE CASES,2.46,1.0,13,7,2011
590,2011-07-14 16:46:00,United Kingdom,20770,ABSTRACT CIRCLE JOURNAL ,2.46,1.0,14,7,2011
592,2011-07-15 14:05:00,United Kingdom,22956,36 FOIL HEART CAKE CASES,4.2,2.0,15,7,2011
593,2011-07-15 15:32:00,United Kingdom,22243,5 HOOK HANGER RED MAGIC TOADSTOOL,3.3,2.0,15,7,2011
594,2011-07-15 16:27:00,United Kingdom,22956,36 FOIL HEART CAKE CASES,4.92,2.0,15,7,2011
595,2011-07-17 12:32:00,United Kingdom,20770,ABSTRACT CIRCLE JOURNAL ,7.65,3.0,17,7,2011
596,2011-07-18 15:49:00,United Kingdom,22956,36 FOIL HEART CAKE CASES,7.38,3.0,18,7,2011
598,2011-07-18 15:56:00,United Kingdom,90011E,AMBER CRYSTAL DROP EARRINGS,2.9,1.0,18,7,2011
599,2011-07-18 15:56:00,United Kingdom,90184A,AMBER CHUNKY BEAD BRACELET W STRAP,9.15,1.0,18,7,2011
603,2011-07-20 16:12:00,United Kingdom,20770,ABSTRACT CIRCLE JOURNAL ,9.84,4.0,20,7,2011
604,2011-07-20 16:12:00,United Kingdom,22956,36 FOIL HEART CAKE CASES,9.84,4.0,20,7,2011
605,2011-07-21 10:44:00,United Kingdom,22956,36 FOIL HEART CAKE CASES,12.6,6.0,21,7,2011
607,2011-07-22 09:20:00,United Kingdom,20770,ABSTRACT CIRCLE JOURNAL ,2.46,1.0,22,7,2011
608,2011-07-22 13:53:00,United Kingdom,23068,ALUMINIUM STAMPED HEART,9.96,4.0,22,7,2011
609,2011-07-22 14:53:00,United Kingdom,22956,36 FOIL HEART CAKE CASES,4.2,2.0,22,7,2011
612,2011-07-25 16:57:00,United Kingdom,20770,ABSTRACT CIRCLE JOURNAL ,2.46,1.0,25,7,2011
614,2011-07-26 12:59:00,United Kingdom,23068,ALUMINIUM STAMPED HEART,9.96,4.0,26,7,2011
615,2011-07-27 10:52:00,United Kingdom,22956,36 FOIL HEART CAKE CASES,12.6,6.0,27,7,2011
617,2011-07-28 11:29:00,United Kingdom,22243,5 HOOK HANGER RED MAGIC TOADSTOOL,4.95,3.0,28,7,2011
618,2011-07-28 16:06:00,Unspecified,23068,ALUMINIUM STAMPED HEART,9.96,4.0,28,7,2011
619,2011-07-31 15:31:00,United Kingdom,22956,36 FOIL HEART CAKE CASES,4.2,2.0,31,7,2011
626,2011-03-08 12:12:00,United Kingdom,23068,ALUMINIUM STAMPED HEART,9.96,4.0,8,3,2011
629,2011-04-08 15:04:00,United Kingdom,22564,ALPHABET STENCIL CRAFT,5.0,4.0,8,4,2011
633,2011-05-08 15:38:00,United Kingdom,22564,ALPHABET STENCIL CRAFT,3.75,3.0,8,5,2011
634,2011-05-08 16:43:00,United Kingdom,22243,5 HOOK HANGER RED MAGIC TOADSTOOL,6.6,4.0,8,5,2011
636,2011-07-08 12:42:00,United Kingdom,22564,ALPHABET STENCIL CRAFT,5.0,4.0,8,7,2011
637,2011-07-08 15:43:00,United Kingdom,23068,ALUMINIUM STAMPED HEART,9.96,4.0,8,7,2011
638,2011-07-08 15:43:00,United Kingdom,22956,36 FOIL HEART CAKE CASES,4.2,2.0,8,7,2011
639,2011-08-08 13:53:00,United Kingdom,22564,ALPHABET STENCIL CRAFT,5.0,4.0,8,8,2011
640,2011-08-08 15:00:00,United Kingdom,22956,36 FOIL HEART CAKE CASES,12.6,6.0,8,8,2011
641,2011-08-08 15:34:00,United Kingdom,90184B,AMETHYST CHUNKY BEAD BRACELET W STR,9.15,1.0,8,8,2011
647,2011-08-17 14:22:00,United Kingdom,22956,36 FOIL HEART CAKE CASES,6.3,3.0,17,8,2011
648,2011-08-17 15:00:00,United Kingdom,22564,ALPHABET STENCIL CRAFT,3.75,3.0,17,8,2011
649,2011-08-18 16:24:00,United Kingdom,23068,ALUMINIUM STAMPED HEART,9.96,4.0,18,8,2011
651,2011-08-21 14:00:00,United Kingdom,23068,ALUMINIUM STAMPED HEART,9.96,4.0,21,8,2011
653,2011-08-21 15:43:00,United Kingdom,20770,ABSTRACT CIRCLE JOURNAL ,2.55,1.0,21,8,2011
654,2011-08-21 16:24:00,United Kingdom,23068,ALUMINIUM STAMPED HEART,4.98,2.0,21,8,2011
657,2011-08-24 09:23:00,Germany,22956,36 FOIL HEART CAKE CASES,12.6,6.0,24,8,2011
663,2011-08-24 14:53:00,United Kingdom,22956,36 FOIL HEART CAKE CASES,4.2,2.0,24,8,2011
667,2011-08-28 12:16:00,United Kingdom,22564,ALPHABET STENCIL CRAFT,3.75,3.0,28,8,2011
672,2011-08-30 10:29:00,United Kingdom,22564,ALPHABET STENCIL CRAFT,2.46,1.0,30,8,2011
674,2011-08-31 12:11:00,United Kingdom,22564,ALPHABET STENCIL CRAFT,5.0,4.0,31,8,2011
676,2011-08-31 13:31:00,United Kingdom,22564,ALPHABET STENCIL CRAFT,5.0,4.0,31,8,2011
677,2011-01-09 10:36:00,United Kingdom,22956,36 FOIL HEART CAKE CASES,12.6,6.0,9,1,2011
679,2011-01-09 14:42:00,United Kingdom,22564,ALPHABET STENCIL CRAFT,3.75,3.0,9,1,2011
682,2011-04-09 14:50:00,United Kingdom,90178A,AMBER CHUNKY GLASS+BEAD NECKLACE,11.95,1.0,9,4,2011
683,2011-04-09 14:50:00,United Kingdom,90184B,AMETHYST CHUNKY BEAD BRACELET W STR,8.95,1.0,9,4,2011
686,2011-07-09 12:55:00,United Kingdom,23068,ALUMINIUM STAMPED HEART,9.96,4.0,9,7,2011
687,2011-08-09 10:32:00,France,22956,36 FOIL HEART CAKE CASES,12.6,6.0,9,8,2011
689,2011-08-09 13:53:00,United Kingdom,23068,ALUMINIUM STAMPED HEART,9.96,4.0,9,8,2011
693,2011-11-09 12:45:00,United Kingdom,22243,5 HOOK HANGER RED MAGIC TOADSTOOL,9.9,6.0,9,11,2011
699,2011-09-13 12:18:00,United Kingdom,22564,ALPHABET STENCIL CRAFT,5.0,4.0,13,9,2011
701,2011-09-13 15:37:00,United Kingdom,22564,ALPHABET STENCIL CRAFT,3.75,3.0,13,9,2011
703,2011-09-13 16:26:00,United Kingdom,22564,ALPHABET STENCIL CRAFT,5.0,4.0,13,9,2011
706,2011-09-15 16:32:00,United Kingdom,90011E,AMBER CRYSTAL DROP EARRINGS,2.9,1.0,15,9,2011
710,2011-09-18 11:51:00,United Kingdom,23068,ALUMINIUM STAMPED HEART,9.96,4.0,18,9,2011
711,2011-09-18 15:32:00,United Kingdom,23068,ALUMINIUM STAMPED HEART,9.96,4.0,18,9,2011
712,2011-09-19 13:27:00,United Kingdom,23068,ALUMINIUM STAMPED HEART,4.98,2.0,19,9,2011
715,2011-09-21 10:47:00,Germany,22956,36 FOIL HEART CAKE CASES,12.6,6.0,21,9,2011
716,2011-09-21 15:24:00,United Kingdom,90129D,AMBER GLASS TASSLE BAG CHARM,3.26,2.0,21,9,2011
718,2011-09-22 11:46:00,United Kingdom,22564,ALPHABET STENCIL CRAFT,2.5,2.0,22,9,2011
719,2011-09-22 12:45:00,United Kingdom,23068,ALUMINIUM STAMPED HEART,9.96,4.0,22,9,2011
720,2011-09-22 17:07:00,United Kingdom,22564,ALPHABET STENCIL CRAFT,2.5,2.0,22,9,2011
722,2011-09-23 12:16:00,United Kingdom,23068,ALUMINIUM STAMPED HEART,2.49,1.0,23,9,2011
723,2011-09-23 14:05:00,United Kingdom,22956,36 FOIL HEART CAKE CASES,12.6,6.0,23,9,2011
728,2011-09-27 14:07:00,United Kingdom,22956,36 FOIL HEART CAKE CASES,12.6,6.0,27,9,2011
729,2011-09-28 15:42:00,United Kingdom,20770,ABSTRACT CIRCLE JOURNAL ,2.55,1.0,28,9,2011
730,2011-09-28 16:24:00,United Kingdom,23068,ALUMINIUM STAMPED HEART,4.96,1.0,28,9,2011
732,2011-09-29 11:39:00,United Kingdom,22243,5 HOOK HANGER RED MAGIC TOADSTOOL,3.3,2.0,29,9,2011
733,2011-09-30 14:41:00,United Kingdom,22564,ALPHABET STENCIL CRAFT,2.5,2.0,30,9,2011
735,2011-02-10 12:45:00,United Kingdom,23068,ALUMINIUM STAMPED HEART,2.49,1.0,10,2,2011
736,2011-02-10 12:45:00,United Kingdom,23068,ALUMINIUM STAMPED HEART,9.96,4.0,10,2,2011
738,2011-03-10 15:28:00,United Kingdom,23068,ALUMINIUM STAMPED HEART,9.96,4.0,10,3,2011
740,2011-04-10 11:36:00,United Kingdom,22564,ALPHABET STENCIL CRAFT,6.25,5.0,10,4,2011
745,2011-06-10 13:29:00,United Kingdom,23068,ALUMINIUM STAMPED HEART,4.98,2.0,10,6,2011
746,2011-06-10 14:50:00,Portugal,20770,ABSTRACT CIRCLE JOURNAL ,2.55,1.0,10,6,2011
750,2011-06-10 19:49:00,United Kingdom,22564,ALPHABET STENCIL CRAFT,3.75,3.0,10,6,2011
752,2011-07-10 13:34:00,United Kingdom,22956,36 FOIL HEART CAKE CASES,12.6,6.0,10,7,2011
755,2011-10-13 12:06:00,United Kingdom,22956,36 FOIL HEART CAKE CASES,12.6,6.0,13,10,2011
757,2011-10-13 12:38:00,United Kingdom,23068,ALUMINIUM STAMPED HEART,2.49,1.0,13,10,2011
758,2011-10-13 12:59:00,United Kingdom,20770,ABSTRACT CIRCLE JOURNAL ,2.55,1.0,13,10,2011
760,2011-10-13 13:58:00,United Kingdom,20770,ABSTRACT CIRCLE JOURNAL ,2.55,1.0,13,10,2011
761,2011-10-13 13:58:00,United Kingdom,20770,ABSTRACT CIRCLE JOURNAL ,2.55,1.0,13,10,2011
762,2011-10-13 15:38:00,United Kingdom,22243,5 HOOK HANGER RED MAGIC TOADSTOOL,3.3,2.0,13,10,2011
763,2011-10-17 12:35:00,United Kingdom,23068,ALUMINIUM STAMPED HEART,9.96,4.0,17,10,2011
764,2011-10-17 13:31:00,United Kingdom,22956,36 FOIL HEART CAKE CASES,8.26,2.0,17,10,2011
766,2011-10-18 17:05:00,United Kingdom,22956,36 FOIL HEART CAKE CASES,4.13,1.0,18,10,2011
767,2011-10-19 15:08:00,United Kingdom,90129D,AMBER GLASS TASSLE BAG CHARM,5.9,2.0,19,10,2011
768,2011-10-20 15:57:00,United Kingdom,90178A,AMBER CHUNKY GLASS+BEAD NECKLACE,11.95,1.0,20,10,2011
769,2011-10-21 11:30:00,United Kingdom,23068,ALUMINIUM STAMPED HEART,7.47,3.0,21,10,2011
770,2011-10-21 12:44:00,United Kingdom,22956,36 FOIL HEART CAKE CASES,12.6,6.0,21,10,2011
774,2011-10-24 13:50:00,United Kingdom,23068,ALUMINIUM STAMPED HEART,9.96,4.0,24,10,2011
775,2011-10-24 14:47:00,United Kingdom,22564,ALPHABET STENCIL CRAFT,3.75,3.0,24,10,2011
779,2011-10-26 13:27:00,United Kingdom,23068,ALUMINIUM STAMPED HEART,2.49,1.0,26,10,2011
781,2011-10-27 13:25:00,United Kingdom,22564,ALPHABET STENCIL CRAFT,2.5,2.0,27,10,2011
784,2011-10-30 13:37:00,United Kingdom,22564,ALPHABET STENCIL CRAFT,2.5,2.0,30,10,2011
788,2011-10-31 14:41:00,United Kingdom,23068,ALUMINIUM STAMPED HEART,4.96,1.0,31,10,2011
789,2011-02-11 10:15:00,United Kingdom,23068,ALUMINIUM STAMPED HEART,9.96,4.0,11,2,2011
791,2011-04-11 12:05:00,United Kingdom,20770,ABSTRACT CIRCLE JOURNAL ,2.55,1.0,11,4,2011
792,2011-04-11 12:05:00,United Kingdom,84465,15 PINK FLUFFY CHICKS IN BOX,2.95,1.0,11,4,2011
795,2011-04-11 15:52:00,United Kingdom,22956,36 FOIL HEART CAKE CASES,4.13,1.0,11,4,2011
796,2011-06-11 10:29:00,Channel Islands,22956,36 FOIL HEART CAKE CASES,12.6,6.0,11,6,2011
799,2011-06-11 12:31:00,United Kingdom,23068,ALUMINIUM STAMPED HEART,9.96,4.0,11,6,2011
801,2011-06-11 14:45:00,United Kingdom,23068,ALUMINIUM STAMPED HEART,4.98,2.0,11,6,2011
804,2011-08-11 09:29:00,United Kingdom,22564,ALPHABET STENCIL CRAFT,2.46,1.0,11,8,2011
805,2011-08-11 12:01:00,United Kingdom,23068,ALUMINIUM STAMPED HEART,9.96,4.0,11,8,2011
806,2011-08-11 12:58:00,United Kingdom,23068,ALUMINIUM STAMPED HEART,2.49,1.0,11,8,2011
810,2011-09-11 16:14:00,United Kingdom,22564,ALPHABET STENCIL CRAFT,2.46,1.0,11,9,2011
811,2011-10-11 13:46:00,United Kingdom,23068,ALUMINIUM STAMPED HEART,4.98,2.0,11,10,2011
812,2011-10-11 14:28:00,United Kingdom,90184A,AMBER CHUNKY BEAD BRACELET W STRAP,8.95,1.0,11,10,2011
813,2011-10-11 14:28:00,United Kingdom,90184B,AMETHYST CHUNKY BEAD BRACELET W STR,8.95,1.0,11,10,2011
814,2011-11-11 10:48:00,United Kingdom,23068,ALUMINIUM STAMPED HEART,2.49,1.0,11,11,2011
815,2011-11-11 11:56:00,United Kingdom,22564,ALPHABET STENCIL CRAFT,6.25,5.0,11,11,2011
820,2011-11-13 12:28:00,United Kingdom,22564,ALPHABET STENCIL CRAFT,2.5,2.0,13,11,2011
822,2011-11-13 15:58:00,United Kingdom,22243,5 HOOK HANGER RED MAGIC TOADSTOOL,3.3,2.0,13,11,2011
825,2011-11-14 15:10:00,United Kingdom,23068,ALUMINIUM STAMPED HEART,9.96,4.0,14,11,2011
826,2011-11-14 15:22:00,United Kingdom,22564,ALPHABET STENCIL CRAFT,2.46,1.0,14,11,2011
827,2011-11-14 15:27:00,United Kingdom,22564,ALPHABET STENCIL CRAFT,4.92,2.0,14,11,2011
828,2011-11-14 15:27:00,United Kingdom,22956,36 FOIL HEART CAKE CASES,4.13,1.0,14,11,2011
829,2011-11-14 15:37:00,Austria,22956,36 FOIL HEART CAKE CASES,12.6,6.0,14,11,2011
834,2011-11-15 16:57:00,United Kingdom,22956,36 FOIL HEART CAKE CASES,4.13,1.0,15,11,2011
839,2011-11-16 15:16:00,United Kingdom,90184B,AMETHYST CHUNKY BEAD BRACELET W STR,9.15,1.0,16,11,2011
840,2011-11-16 15:38:00,United Kingdom,22564,ALPHABET STENCIL CRAFT,3.75,3.0,16,11,2011
843,2011-11-17 12:47:00,United Kingdom,23068,ALUMINIUM STAMPED HEART,9.96,4.0,17,11,2011
849,2011-11-18 15:59:00,United Kingdom,22564,ALPHABET STENCIL CRAFT,4.92,2.0,18,11,2011
850,2011-11-18 16:07:00,United Kingdom,22564,ALPHABET STENCIL CRAFT,2.5,2.0,18,11,2011
851,2011-11-20 11:56:00,United Kingdom,22564,ALPHABET STENCIL CRAFT,2.5,2.0,20,11,2011
854,2011-11-20 13:23:00,United Kingdom,22564,ALPHABET STENCIL CRAFT,3.75,3.0,20,11,2011
855,2011-11-20 15:36:00,United Kingdom,23068,ALUMINIUM STAMPED HEART,9.96,4.0,20,11,2011
860,2011-11-22 14:23:00,United Kingdom,23068,ALUMINIUM STAMPED HEART,9.96,4.0,22,11,2011
861,2011-11-22 15:43:00,United Kingdom,22956,36 FOIL HEART CAKE CASES,4.13,1.0,22,11,2011
862,2011-11-22 15:45:00,United Kingdom,23068,ALUMINIUM STAMPED HEART,4.98,2.0,22,11,2011
863,2011-11-22 16:02:00,United Kingdom,23068,ALUMINIUM STAMPED HEART,9.96,4.0,22,11,2011
865,2011-11-23 12:58:00,United Kingdom,23068,ALUMINIUM STAMPED HEART,9.96,4.0,23,11,2011
866,2011-11-24 09:21:00,United Kingdom,90184B,AMETHYST CHUNKY BEAD BRACELET W STR,9.15,1.0,24,11,2011
867,2011-11-24 09:26:00,United Kingdom,22564,ALPHABET STENCIL CRAFT,4.92,2.0,24,11,2011
871,2011-11-25 11:12:00,Germany,22564,ALPHABET STENCIL CRAFT,2.5,2.0,25,11,2011
873,2011-11-27 11:47:00,United Kingdom,20770,ABSTRACT CIRCLE JOURNAL ,2.55,1.0,27,11,2011
877,2011-11-27 16:27:00,United Kingdom,22564,ALPHABET STENCIL CRAFT,2.5,2.0,27,11,2011
